"sim_number","transfer","time","strain1","strain2","clusters_pop1_b","clusters_pop2_b","cells_pop1_b","cells_pop2_b","total_clusters_b","total_cells_b","clusters_pop1_a","clusters_pop2_a","cells_pop1_a","cells_pop2_a","total_clusters_a","total_cells_a","carr_cap"
37,1,880,"petite","second",5,4,547,519,9,1066,389,405,38928,63017,794,101945,"100k"
37,2,845,"petite","second",1,4,141,937,5,1078,90,617,8918,92132,707,101050,"100k"
30,1,865,"petite","second",8,2,566,585,10,1151,370,414,37446,63693,784,101139,"100k"
39,1,855,"petite","second",4,4,605,606,8,1211,383,420,37653,63584,803,101237,"100k"
4,1,850,"petite","second",6,6,563,679,12,1242,344,457,33601,68875,801,102476,"100k"
3,1,855,"petite","second",5,4,637,599,9,1236,407,399,39043,62460,806,101503,"100k"
2,1,870,"petite","second",7,3,533,573,10,1106,360,432,35312,65437,792,100749,"100k"
38,1,870,"petite","second",6,4,569,570,10,1139,367,442,37292,65094,809,102386,"100k"
5,1,870,"petite","second",5,5,583,555,10,1138,398,414,39035,62837,812,101872,"100k"
31,1,865,"petite","second",5,5,632,548,10,1180,413,403,40531,60499,816,101030,"100k"
31,2,865,"petite","second",1,4,238,786,5,1024,178,544,16997,85473,722,102470,"100k"
36,1,865,"petite","second",6,4,547,600,10,1147,352,453,35214,66445,805,101659,"100k"
14,1,845,"petite","second",6,4,577,692,10,1269,347,436,33476,67467,783,100943,"100k"
13,1,855,"petite","second",6,5,559,650,11,1209,344,450,34204,68381,794,102585,"100k"
25,1,880,"petite","second",6,4,578,523,10,1101,410,399,40065,62621,809,102686,"100k"
22,1,850,"petite","second",5,4,553,674,9,1227,344,430,33730,68168,774,101898,"100k"
49,1,875,"petite","second",5,4,553,539,9,1092,381,391,38043,62305,772,100348,"100k"
49,2,825,"petite","second",1,5,140,1055,6,1195,72,614,7905,92504,686,100409,"100k"
47,1,855,"petite","second",8,4,526,661,12,1187,340,458,32439,68230,798,100669,"100k"
47,2,835,"petite","second",1,5,214,950,6,1164,132,572,12886,87177,704,100063,"100k"
40,1,850,"petite","second",5,3,588,636,8,1224,361,440,35634,64576,801,100210,"100k"
23,1,865,"petite","second",6,4,513,628,10,1141,335,457,32273,68421,792,100694,"100k"
24,1,865,"petite","second",6,4,530,615,10,1145,343,434,34389,66059,777,100448,"100k"
12,1,880,"petite","second",5,4,523,537,9,1060,370,428,36737,64558,798,101295,"100k"
15,1,880,"petite","second",7,4,530,538,11,1068,368,432,36479,64088,800,100567,"100k"
15,2,830,"petite","second",1,5,221,969,6,1190,132,569,13075,87922,701,100997,"100k"
41,1,865,"petite","second",6,3,575,612,9,1187,372,434,36302,66110,806,102412,"100k"
46,1,880,"petite","second",6,4,582,512,10,1094,407,397,40255,61580,804,101835,"100k"
48,1,875,"petite","second",5,3,516,553,8,1069,349,437,35553,65389,786,100942,"100k"
33,1,880,"petite","second",5,4,520,529,9,1049,389,427,37289,63158,816,100447,"100k"
9,1,860,"petite","second",4,3,602,602,7,1204,396,430,38615,63657,826,102272,"100k"
34,1,860,"petite","second",6,4,519,642,10,1161,307,462,32243,68698,769,100941,"100k"
7,1,875,"petite","second",6,4,560,539,10,1099,383,427,37811,62866,810,100677,"100k"
6,1,860,"petite","second",5,4,565,611,9,1176,382,423,36336,64815,805,101151,"100k"
1,1,880,"petite","second",6,3,539,541,9,1080,385,431,37732,64867,816,102599,"100k"
8,1,855,"petite","second",3,4,528,668,7,1196,331,460,32366,70455,791,102821,"100k"
35,1,875,"petite","second",7,4,507,585,11,1092,343,454,34471,68288,797,102759,"100k"
32,1,865,"petite","second",4,3,505,619,7,1124,336,452,33332,67584,788,100916,"100k"
50,1,870,"petite","second",6,4,572,546,10,1118,380,405,37907,62319,785,100226,"100k"
43,1,870,"petite","second",5,3,532,586,8,1118,362,429,35630,65532,791,101162,"100k"
44,1,870,"petite","second",6,5,536,591,11,1127,375,442,35579,66516,817,102095,"100k"
10,1,865,"petite","second",7,6,619,573,13,1192,411,415,40157,62651,826,102808,"100k"
10,2,845,"petite","second",1,4,220,891,5,1111,137,555,13909,86509,692,100418,"100k"
17,1,855,"petite","second",4,3,536,658,7,1194,333,452,32682,68272,785,100954,"100k"
28,1,870,"petite","second",7,4,613,530,11,1143,408,388,40936,59735,796,100671,"100k"
28,2,855,"petite","second",1,4,133,904,5,1037,87,613,8400,93446,700,101846,"100k"
21,1,855,"petite","second",6,4,519,683,10,1202,329,458,32109,70385,787,102494,"100k"
26,1,880,"petite","second",5,6,506,538,11,1044,366,418,35798,64300,784,100098,"100k"
19,1,885,"petite","second",6,4,535,523,10,1058,374,423,38437,63855,797,102292,"100k"
45,1,870,"petite","second",6,4,599,536,10,1135,410,405,39367,61611,815,100978,"100k"
42,1,870,"petite","second",7,3,551,577,10,1128,384,439,36971,65626,823,102597,"100k"
27,1,875,"petite","second",7,3,595,514,10,1109,397,401,40428,59603,798,100031,"100k"
27,2,850,"petite","second",1,3,172,901,4,1073,116,600,11339,90376,716,101715,"100k"
18,1,860,"petite","second",6,4,598,584,10,1182,390,413,37867,62604,803,100471,"100k"
20,1,875,"petite","second",7,5,621,501,12,1122,414,368,42264,57910,782,100174,"100k"
16,1,845,"petite","second",5,5,514,710,10,1224,318,460,30457,69835,778,100292,"100k"
29,1,880,"petite","second",7,3,537,530,10,1067,384,413,37246,63245,797,100491,"100k"
11,1,885,"petite","second",5,5,521,526,10,1047,390,426,37580,64843,816,102423,"100k"
37,1,890,"petite","second",47,34,5006,5040,81,10046,3731,4204,367888,641048,7935,1008936,"1mill"
37,2,850,"petite","second",2,39,263,9816,41,10079,171,6519,16681,989035,6690,1005716,"1mill"
30,1,890,"petite","second",56,35,5066,5044,91,10110,3834,4179,373802,640265,8013,1014067,"1mill"
30,2,850,"petite","second",2,42,286,9822,44,10108,188,6510,18550,991538,6698,1010088,"1mill"
39,1,890,"petite","second",53,33,5021,5042,86,10063,3827,4199,372172,644230,8026,1016402,"1mill"
4,1,890,"petite","second",46,36,5021,5040,82,10061,3761,4162,369271,639708,7923,1008979,"1mill"
4,2,850,"petite","second",1,40,154,9854,41,10008,100,6494,10067,994359,6594,1004426,"1mill"
3,1,890,"petite","second",56,35,5001,5063,91,10064,3763,4218,367438,642926,7981,1010364,"1mill"
3,2,850,"petite","second",2,37,512,9625,39,10137,319,6360,32878,974924,6679,1007802,"1mill"
2,1,890,"petite","second",51,32,5051,5087,83,10138,3823,4172,372495,643583,7995,1016078,"1mill"
2,2,850,"petite","second",3,38,571,9606,41,10177,368,6423,36982,972468,6791,1009450,"1mill"
2,3,850,"petite","second",1,37,217,9817,38,10034,144,6459,14266,991016,6603,1005282,"1mill"
38,1,890,"petite","second",56,33,5053,5153,89,10206,3829,4272,371993,652515,8101,1024508,"1mill"
5,1,890,"petite","second",49,38,5078,5025,87,10103,3866,4159,376606,637771,8025,1014377,"1mill"
5,2,850,"petite","second",1,39,263,9989,40,10252,181,6568,17167,1003859,6749,1021026,"1mill"
31,1,890,"petite","second",51,34,5118,5083,85,10201,3852,4238,377438,643921,8090,1021359,"1mill"
36,1,885,"petite","second",50,33,5104,5131,83,10235,3778,4144,366721,633349,7922,1000070,"1mill"
36,2,850,"petite","second",2,38,374,9777,40,10151,250,6457,24198,985506,6707,1009704,"1mill"
14,1,890,"petite","second",58,32,5072,5134,90,10206,3894,4241,375544,651845,8135,1027389,"1mill"
14,2,850,"petite","second",1,40,193,9821,41,10014,125,6461,12733,989683,6586,1002416,"1mill"
13,1,890,"petite","second",55,34,5086,5037,89,10123,3841,4231,376463,641543,8072,1018006,"1mill"
13,2,855,"petite","second",3,39,622,9381,42,10003,413,6347,41583,968827,6760,1010410,"1mill"
25,1,890,"petite","second",48,27,5037,5083,75,10120,3879,4213,371642,645361,8092,1017003,"1mill"
25,2,850,"petite","second",1,40,177,9876,41,10053,115,6537,11467,997645,6652,1009112,"1mill"
25,3,850,"petite","second",1,38,254,9833,39,10087,166,6431,16348,988911,6597,1005259,"1mill"
22,1,885,"petite","second",49,35,5036,5170,84,10206,3710,4161,363362,637950,7871,1001312,"1mill"
22,2,855,"petite","second",3,39,520,9575,42,10095,352,6565,34618,994343,6917,1028961,"1mill"
49,1,885,"petite","second",49,33,5007,5362,82,10369,3673,4358,361321,663934,8031,1025255,"1mill"
49,2,850,"petite","second",2,36,436,9860,38,10296,295,6526,28680,989949,6821,1018629,"1mill"
47,1,890,"petite","second",54,34,5113,5008,88,10121,3876,4239,378412,638805,8115,1017217,"1mill"
47,2,850,"petite","second",2,40,305,9747,42,10052,192,6383,19250,982859,6575,1002109,"1mill"
40,1,885,"petite","second",55,37,5070,5310,92,10380,3699,4323,365276,654334,8022,1019610,"1mill"
40,2,850,"petite","second",1,39,182,9924,40,10106,123,6551,11770,999922,6674,1011692,"1mill"
23,1,890,"petite","second",48,32,5030,5039,80,10069,3811,4189,370795,639741,8000,1010536,"1mill"
23,2,855,"petite","second",2,39,424,9583,41,10007,300,6473,28018,993962,6773,1021980,"1mill"
24,1,890,"petite","second",53,37,5009,5080,90,10089,3783,4242,370038,645430,8025,1015468,"1mill"
24,2,855,"petite","second",3,38,699,9305,41,10004,486,6359,46652,968384,6845,1015036,"1mill"
12,1,890,"petite","second",49,30,5026,5014,79,10040,3806,4181,369206,636338,7987,1005544,"1mill"
15,1,890,"petite","second",53,32,5016,5014,85,10030,3771,4148,371886,637839,7919,1009725,"1mill"
15,2,850,"petite","second",1,41,175,9981,42,10156,121,6630,11407,1002097,6751,1013504,"1mill"
41,1,890,"petite","second",53,38,5055,5048,91,10103,3842,4205,373588,639468,8047,1013056,"1mill"
41,2,855,"petite","second",3,40,619,9503,43,10122,413,6443,41595,987109,6856,1028704,"1mill"
46,1,890,"petite","second",55,33,5091,5146,88,10237,3799,4306,376081,650553,8105,1026634,"1mill"
46,2,855,"petite","second",2,40,525,9525,42,10050,340,6412,34484,987236,6752,1021720,"1mill"
48,1,890,"petite","second",52,33,5014,5019,85,10033,3795,4119,370635,633286,7914,1003921,"1mill"
48,2,855,"petite","second",3,40,537,9600,43,10137,361,6476,36079,992288,6837,1028367,"1mill"
33,1,890,"petite","second",51,34,5052,5020,85,10072,3816,4215,373857,638720,8031,1012577,"1mill"
33,2,855,"petite","second",4,37,832,9256,41,10088,547,6338,55279,959636,6885,1014915,"1mill"
9,1,890,"petite","second",54,36,5049,5043,90,10092,3749,4225,372413,642115,7974,1014528,"1mill"
9,2,850,"petite","second",2,42,431,9801,44,10232,289,6562,27910,993877,6851,1021787,"1mill"
34,1,890,"petite","second",50,33,5055,5056,83,10111,3802,4219,371491,641222,8021,1012713,"1mill"
7,1,890,"petite","second",50,33,5001,5090,83,10091,3812,4211,369958,646181,8023,1016139,"1mill"
6,1,890,"petite","second",47,27,5075,5008,74,10083,3827,4174,372639,635315,8001,1007954,"1mill"
1,1,890,"petite","second",49,34,5076,5090,83,10166,3794,4267,374072,645753,8061,1019825,"1mill"
1,2,850,"petite","second",3,42,445,9738,45,10183,298,6443,28832,978043,6741,1006875,"1mill"
8,1,890,"petite","second",51,34,5104,5119,85,10223,3828,4263,376018,645433,8091,1021451,"1mill"
8,2,850,"petite","second",3,40,460,9723,43,10183,317,6381,30319,976316,6698,1006635,"1mill"
35,1,890,"petite","second",47,37,5063,5019,84,10082,3798,4143,373352,634166,7941,1007518,"1mill"
35,2,855,"petite","second",2,37,358,9668,39,10026,237,6575,23741,1001829,6812,1025570,"1mill"
32,1,890,"petite","second",53,31,5021,5033,84,10054,3791,4158,370517,637329,7949,1007846,"1mill"
32,2,850,"petite","second",1,38,265,9775,39,10040,179,6468,17445,989791,6647,1007236,"1mill"
50,1,890,"petite","second",55,32,5053,5054,87,10107,3841,4181,374861,639203,8022,1014064,"1mill"
50,2,850,"petite","second",2,38,491,9815,40,10306,324,6477,31450,989865,6801,1021315,"1mill"
43,1,890,"petite","second",54,38,5054,5041,92,10095,3815,4197,371809,638776,8012,1010585,"1mill"
43,2,850,"petite","second",2,45,570,9649,47,10219,367,6395,36911,974606,6762,1011517,"1mill"
44,1,890,"petite","second",52,32,5068,5018,84,10086,3812,4179,371210,635052,7991,1006262,"1mill"
10,1,890,"petite","second",49,31,5092,5004,80,10096,3854,4121,375766,633049,7975,1008815,"1mill"
17,1,890,"petite","second",54,33,5194,5052,87,10246,3972,4216,385323,640303,8188,1025626,"1mill"
17,2,850,"petite","second",2,38,430,9702,40,10132,277,6392,27768,977210,6669,1004978,"1mill"
28,1,885,"petite","second",49,35,5087,5182,84,10269,3721,4163,366386,639188,7884,1005574,"1mill"
28,2,850,"petite","second",1,38,226,9785,39,10011,152,6461,14843,986599,6613,1001442,"1mill"
21,1,890,"petite","second",50,30,5034,5099,80,10133,3836,4252,370908,649469,8088,1020377,"1mill"
21,2,850,"petite","second",1,44,141,9879,45,10020,94,6540,9009,996616,6634,1005625,"1mill"
26,1,890,"petite","second",54,33,5061,5025,87,10086,3774,4219,372651,637997,7993,1010648,"1mill"
19,1,890,"petite","second",51,31,5058,5103,82,10161,3783,4233,374278,645511,8016,1019789,"1mill"
45,1,890,"petite","second",55,38,5147,5037,93,10184,3891,4203,379989,642867,8094,1022856,"1mill"
45,2,850,"petite","second",1,40,134,9971,41,10105,89,6581,8828,1008712,6670,1017540,"1mill"
42,1,890,"petite","second",49,32,5115,5063,81,10178,3850,4232,376435,644912,8082,1021347,"1mill"
42,2,850,"petite","second",1,40,139,10000,41,10139,86,6562,9062,1005246,6648,1014308,"1mill"
27,1,890,"petite","second",47,33,5058,5042,80,10100,3804,4120,374857,634708,7924,1009565,"1mill"
18,1,890,"petite","second",49,33,5067,5085,82,10152,3839,4201,373953,644890,8040,1018843,"1mill"
18,2,850,"petite","second",1,42,153,9921,43,10074,103,6507,10095,997586,6610,1007681,"1mill"
20,1,885,"petite","second",53,35,5063,5160,88,10223,3677,4177,362621,638624,7854,1001245,"1mill"
16,1,890,"petite","second",52,38,5001,5029,90,10030,3748,4176,368539,637814,7924,1006353,"1mill"
16,2,850,"petite","second",2,38,390,9759,40,10149,266,6474,25584,982425,6740,1008009,"1mill"
29,1,885,"petite","second",49,36,5069,5131,85,10200,3754,4162,364874,635259,7916,1000133,"1mill"
29,2,850,"petite","second",2,41,360,9718,43,10078,240,6450,23081,981728,6690,1004809,"1mill"
29,3,850,"petite","second",1,39,236,9834,40,10070,160,6531,15494,987947,6691,1003441,"1mill"
11,1,890,"petite","second",51,31,5046,5038,82,10084,3827,4117,372121,638109,7944,1010230,"1mill"
11,2,850,"petite","second",1,39,128,9963,40,10091,82,6551,8186,1000525,6633,1008711,"1mill"
37,1,890,"petite","second",498,322,50020,50064,820,100084,37726,41790,3689560,6361967,79516,10051527,"10mill"
37,2,850,"petite","second",10,395,2090,97950,405,100040,1361,64866,135909,9884058,66227,10019967,"10mill"
37,3,850,"petite","second",1,379,224,100070,380,100294,148,66141,14661,10089702,66289,10104363,"10mill"
30,1,890,"petite","second",515,328,50073,50079,843,100152,37731,41786,3695017,6367423,79517,10062440,"10mill"
30,2,850,"petite","second",11,390,2355,97911,401,100266,1526,64699,151527,9886495,66225,10038022,"10mill"
39,1,890,"petite","second",502,324,50074,50152,826,100226,37850,41793,3700467,6367201,79643,10067668,"10mill"
39,2,855,"petite","second",12,385,2481,97530,397,100011,1671,66295,164666,10122291,67966,10286957,"10mill"
4,1,890,"petite","second",513,320,50108,50073,833,100181,37854,41800,3689231,6347323,79654,10036554,"10mill"
4,2,850,"petite","second",10,391,1982,98284,401,100266,1256,64890,128186,9895683,66146,10023869,"10mill"
4,3,850,"petite","second",1,394,224,99931,395,100155,144,65889,14504,10083300,66033,10097804,"10mill"
3,1,890,"petite","second",524,326,50048,50075,850,100123,37715,41567,3692179,6346830,79282,10039009,"10mill"
3,2,850,"petite","second",17,400,3393,97104,417,100497,2222,64182,219286,9793656,66404,10012942,"10mill"
2,1,890,"petite","second",509,325,50093,50281,834,100374,37903,41946,3700319,6393696,79849,10094015,"10mill"
2,2,850,"petite","second",10,395,1950,98163,405,100113,1290,65017,125755,9918998,66307,10044753,"10mill"
2,3,850,"petite","second",1,384,281,100166,385,100447,194,66299,18341,10098222,66493,10116563,"10mill"
38,1,890,"petite","second",508,317,50067,50162,825,100229,37839,41713,3697687,6371794,79552,10069481,"10mill"
38,2,855,"petite","second",16,390,3150,96852,406,100002,2104,65886,208287,10049769,67990,10258056,"10mill"
5,1,890,"petite","second",497,334,50020,50008,831,100028,37782,41694,3691051,6340738,79476,10031789,"10mill"
5,2,850,"petite","second",12,402,2310,97975,414,100285,1521,64611,150893,9880309,66132,10031202,"10mill"
31,1,890,"petite","second",505,335,50153,50068,840,100221,37900,41652,3703894,6353232,79552,10057126,"10mill"
31,2,850,"petite","second",8,393,1494,98600,401,100094,951,65182,96602,9942567,66133,10039169,"10mill"
36,1,890,"petite","second",525,322,50083,50007,847,100090,37817,41694,3696796,6336952,79511,10033748,"10mill"
36,2,855,"petite","second",17,387,3367,96870,404,100237,2265,65912,224875,10045881,68177,10270756,"10mill"
36,3,850,"petite","second",2,387,502,99714,389,100216,330,66036,32211,10066401,66366,10098612,"10mill"
14,1,890,"petite","second",512,332,50114,50039,844,100153,37821,41483,3700005,6342688,79304,10042693,"10mill"
14,2,855,"petite","second",12,390,2441,97616,402,100057,1661,66338,162337,10121807,67999,10284144,"10mill"
13,1,890,"petite","second",494,331,50027,50097,825,100124,37710,41819,3692013,6366917,79529,10058930,"10mill"
13,2,850,"petite","second",9,386,1942,98272,395,100214,1276,64860,125476,9895665,66136,10021141,"10mill"
25,1,890,"petite","second",505,326,50006,50223,831,100229,37725,41843,3695985,6377688,79568,10073673,"10mill"
25,2,850,"petite","second",8,402,1289,98928,410,100217,845,65539,83501,10001934,66384,10085435,"10mill"
22,1,890,"petite","second",506,327,50040,50033,833,100073,37747,41573,3691703,6335993,79320,10027696,"10mill"
22,2,850,"petite","second",11,393,2051,98034,404,100085,1324,64824,132820,9892179,66148,10024999,"10mill"
49,1,890,"petite","second",521,326,50034,50115,847,100149,37784,41752,3692326,6364468,79536,10056794,"10mill"
49,2,850,"petite","second",8,386,1528,98512,394,100040,996,65224,98115,9946604,66220,10044719,"10mill"
49,3,850,"petite","second",1,384,226,100068,385,100294,146,66131,14788,10077615,66277,10092403,"10mill"
47,1,890,"petite","second",515,334,50018,50038,849,100056,37841,41730,3689597,6351240,79571,10040837,"10mill"
47,2,850,"petite","second",17,393,3441,96878,410,100319,2244,64107,223698,9778913,66351,10002611,"10mill"
40,1,890,"petite","second",506,335,50084,50137,841,100221,37918,41686,3696607,6363998,79604,10060605,"10mill"
40,2,855,"petite","second",15,383,2984,97037,398,100021,1973,65812,196829,10066399,67785,10263228,"10mill"
40,3,850,"petite","second",1,379,265,99868,380,100133,172,65945,17230,10066440,66117,10083670,"10mill"
23,1,890,"petite","second",510,332,50056,50092,842,100148,37760,41555,3694768,6340648,79315,10035416,"10mill"
23,2,855,"petite","second",20,384,3785,96471,404,100256,2525,65423,250599,10000958,67948,10251557,"10mill"
23,3,850,"petite","second",1,400,225,99987,401,100212,146,66220,14905,10079038,66366,10093943,"10mill"
24,1,890,"petite","second",495,330,50005,50149,825,100154,37775,41809,3690171,6360060,79584,10050231,"10mill"
24,2,850,"petite","second",13,390,2314,97902,403,100216,1556,64426,152716,9864114,65982,10016830,"10mill"
12,1,890,"petite","second",507,326,50007,50119,833,100126,37778,41726,3697647,6361146,79504,10058793,"10mill"
12,2,855,"petite","second",14,381,3058,97043,395,100101,2052,65970,203569,10079030,68022,10282599,"10mill"
12,3,850,"petite","second",1,380,312,99741,381,100053,203,65941,20254,10050832,66144,10071086,"10mill"
15,1,890,"petite","second",517,337,50009,50145,854,100154,37715,41653,3691511,6363884,79368,10055395,"10mill"
15,2,855,"petite","second",16,391,2871,97272,407,100143,1942,65950,192532,10092105,67892,10284637,"10mill"
15,3,850,"petite","second",1,382,322,99780,383,100102,214,65815,21036,10066182,66029,10087218,"10mill"
41,1,890,"petite","second",508,332,50046,50069,840,100115,37705,41597,3695114,6344864,79302,10039978,"10mill"
41,2,855,"petite","second",15,392,3212,96889,407,100101,2146,65752,213982,10057836,67898,10271818,"10mill"
41,3,850,"petite","second",2,382,551,99530,384,100081,363,65796,35857,10037078,66159,10072935,"10mill"
46,1,890,"petite","second",522,327,50124,50117,849,100241,37890,41670,3699699,6358527,79560,10058226,"10mill"
46,2,850,"petite","second",16,392,3067,97257,408,100324,2023,64231,199877,9803990,66254,10003867,"10mill"
46,3,850,"petite","second",2,378,344,99727,380,100071,219,65658,22152,10051714,65877,10073866,"10mill"
48,1,890,"petite","second",503,332,50113,50150,835,100263,37905,41526,3706606,6353171,79431,10059777,"10mill"
48,2,850,"petite","second",12,405,2361,97771,417,100132,1544,64483,152847,9866478,66027,10019325,"10mill"
33,1,890,"petite","second",498,324,50046,50099,822,100145,37756,41711,3700908,6353864,79467,10054772,"10mill"
33,2,855,"petite","second",14,382,2863,97365,396,100228,1938,65920,189753,10090985,67858,10280738,"10mill"
9,1,890,"petite","second",499,336,50034,50134,835,100168,37684,41661,3694886,6369059,79345,10063945,"10mill"
9,2,855,"petite","second",15,387,2951,97067,402,100018,1975,66011,195673,10070347,67986,10266020,"10mill"
34,1,890,"petite","second",502,308,50098,50134,810,100232,37848,41662,3702088,6363064,79510,10065152,"10mill"
34,2,855,"petite","second",18,392,3639,96562,410,100201,2438,65715,241209,10017489,68153,10258698,"10mill"
7,1,890,"petite","second",519,322,50048,50096,841,100144,37837,41742,3693222,6364131,79579,10057353,"10mill"
7,2,855,"petite","second",13,395,2534,97582,408,100116,1726,66438,167884,10122006,68164,10289890,"10mill"
6,1,890,"petite","second",499,321,50043,50138,820,100181,38002,41674,3694723,6362402,79676,10057125,"10mill"
6,2,850,"petite","second",13,376,2620,97605,389,100225,1694,64449,168279,9845744,66143,10014023,"10mill"
1,1,890,"petite","second",501,334,50068,50104,835,100172,37770,41804,3696326,6367168,79574,10063494,"10mill"
1,2,855,"petite","second",15,387,2689,97426,402,100115,1792,66144,177464,10098955,67936,10276419,"10mill"
1,3,850,"petite","second",2,385,462,99720,387,100182,299,65891,29846,10064337,66190,10094183,"10mill"
8,1,890,"petite","second",505,328,50016,50186,833,100202,37897,41762,3690211,6379321,79659,10069532,"10mill"
8,2,855,"petite","second",15,378,2857,97204,393,100061,1921,66047,191304,10092412,67968,10283716,"10mill"
35,1,890,"petite","second",507,326,50015,50157,833,100172,37686,41728,3690687,6366535,79414,10057222,"10mill"
35,2,855,"petite","second",15,396,3158,97082,411,100240,2142,66039,210250,10073267,68181,10283517,"10mill"
32,1,890,"petite","second",510,321,50001,50028,831,100029,37812,41735,3688933,6345098,79547,10034031,"10mill"
32,2,855,"petite","second",19,389,3408,96705,408,100113,2321,65710,226592,10034300,68031,10260892,"10mill"
32,3,850,"petite","second",1,384,178,99966,385,100144,118,66051,11730,10076820,66169,10088550,"10mill"
50,1,890,"petite","second",511,332,50075,50104,843,100179,37778,41548,3699359,6351347,79326,10050706,"10mill"
50,2,855,"petite","second",18,391,3990,96176,409,100166,2682,65306,264387,9975785,67988,10240172,"10mill"
50,3,850,"petite","second",1,384,198,99858,385,100056,129,65832,12559,10045442,65961,10058001,"10mill"
43,1,890,"petite","second",504,329,50067,50149,833,100216,37699,41706,3701987,6360954,79405,10062941,"10mill"
43,2,850,"petite","second",11,396,2232,97869,407,100101,1475,64789,144859,9868899,66264,10013758,"10mill"
43,3,850,"petite","second",1,375,222,99921,376,100143,144,66240,14787,10082498,66384,10097285,"10mill"
44,1,890,"petite","second",505,320,50031,50052,825,100083,37630,41615,3692282,6350227,79245,10042509,"10mill"
44,2,850,"petite","second",8,401,1454,98706,409,100160,932,65236,93548,9939347,66168,10032895,"10mill"
44,3,850,"petite","second",1,377,261,99746,378,100007,174,65636,17075,10049496,65810,10066571,"10mill"
10,1,890,"petite","second",502,325,50043,50032,827,100075,37685,41465,3684353,6355440,79150,10039793,"10mill"
10,2,850,"petite","second",10,387,1964,98324,397,100288,1296,64918,127662,9907016,66214,10034678,"10mill"
17,1,890,"petite","second",507,328,50008,50011,835,100019,37874,41556,3695076,6353176,79430,10048252,"10mill"
17,2,855,"petite","second",15,379,3298,97030,394,100328,2209,66157,218238,10071964,68366,10290202,"10mill"
28,1,890,"petite","second",497,325,50070,50054,822,100124,37902,41553,3698642,6341490,79455,10040132,"10mill"
28,2,850,"petite","second",13,392,2545,97618,405,100163,1633,64378,162929,9840029,66011,10002958,"10mill"
28,3,850,"petite","second",1,392,148,99973,393,100121,93,65899,9272,10070953,65992,10080225,"10mill"
21,1,890,"petite","second",523,347,50011,50079,870,100090,37825,41625,3694223,6351890,79450,10046113,"10mill"
21,2,855,"petite","second",12,391,2329,97690,403,100019,1575,66334,155079,10124956,67909,10280035,"10mill"
26,1,890,"petite","second",513,322,50052,50186,835,100238,38023,41771,3701297,6378238,79794,10079535,"10mill"
26,2,850,"petite","second",8,399,1581,98624,407,100205,1010,65026,101503,9951123,66036,10052626,"10mill"
26,3,850,"petite","second",1,387,233,99998,388,100231,150,66158,15108,10086435,66308,10101543,"10mill"
19,1,890,"petite","second",524,336,50008,50149,860,100157,37808,41785,3698989,6365079,79593,10064068,"10mill"
19,2,850,"petite","second",11,381,2663,97759,392,100422,1728,64537,172326,9847492,66265,10019818,"10mill"
45,1,890,"petite","second",509,322,50045,50049,831,100094,37765,41818,3695844,6358223,79583,10054067,"10mill"
45,2,850,"petite","second",8,397,1477,98550,405,100027,958,65172,95249,9930259,66130,10025508,"10mill"
42,1,890,"petite","second",499,330,50173,50037,829,100210,38115,41639,3710292,6350809,79754,10061101,"10mill"
42,2,855,"petite","second",11,396,1940,98071,407,100011,1281,66626,127811,10161133,67907,10288944,"10mill"
27,1,890,"petite","second",517,322,50091,50060,839,100151,37819,41584,3698671,6344258,79403,10042929,"10mill"
27,2,855,"petite","second",20,382,3870,96358,402,100228,2629,65608,259140,10015307,68237,10274447,"10mill"
18,1,890,"petite","second",501,320,50018,50187,821,100205,37809,41628,3694738,6369268,79437,10064006,"10mill"
18,2,855,"petite","second",18,388,3509,96775,406,100284,2371,65960,232299,10044007,68331,10276306,"10mill"
20,1,890,"petite","second",511,328,50015,50185,839,100200,37733,41686,3683440,6358588,79419,10042028,"10mill"
20,2,855,"petite","second",14,386,2806,97286,400,100092,1875,66082,186654,10103758,67957,10290412,"10mill"
20,3,850,"petite","second",1,386,208,99903,387,100111,141,65938,13807,10062086,66079,10075893,"10mill"
16,1,890,"petite","second",520,337,50079,50094,857,100173,38023,41807,3699182,6364696,79830,10063878,"10mill"
16,2,850,"petite","second",11,399,2283,97975,410,100258,1474,64845,146226,9894851,66319,10041077,"10mill"
16,3,850,"petite","second",2,386,342,99865,388,100207,221,65847,22228,10062285,66068,10084513,"10mill"
29,1,890,"petite","second",514,320,50123,50197,834,100320,38059,41805,3699004,6368657,79864,10067661,"10mill"
29,2,855,"petite","second",17,390,3320,96896,407,100216,2236,65985,220958,10059248,68221,10280206,"10mill"
11,1,890,"petite","second",503,323,50056,50160,826,100216,37721,41599,3691228,6355031,79320,10046259,"10mill"
11,2,855,"petite","second",14,388,2872,97288,402,100160,1934,65972,192434,10084748,67906,10277182,"10mill"
