"sim_number","transfer","time","strain1","strain2","clusters_pop1_b","clusters_pop2_b","cells_pop1_b","cells_pop2_b","total_clusters_b","total_cells_b","clusters_pop1_a","clusters_pop2_a","cells_pop1_a","cells_pop2_a","total_clusters_a","total_cells_a","experiment"
37,1,955,"petite","second-15min",377,232,50020,50134,609,100154,38697,22780,5168202,4934500,61477,10102702,"Equal Growth Rates"
37,2,960,"petite","second-15min",22,275,5815,94299,297,100114,4495,43719,615025,9516390,48214,10131415,"Equal Growth Rates"
37,3,960,"petite","second-15min",1,263,339,99685,264,100024,268,46108,36021,10058570,46376,10094591,"Equal Growth Rates"
30,1,955,"petite","second-15min",380,225,50058,50079,605,100137,38470,22569,5163103,4927204,61039,10090307,"Equal Growth Rates"
30,2,960,"petite","second-15min",26,260,6585,93464,286,100049,5099,43541,697118,9447716,48640,10144834,"Equal Growth Rates"
30,3,960,"petite","second-15min",1,277,250,99897,278,100147,201,46531,27094,10098560,46732,10125654,"Equal Growth Rates"
39,1,955,"petite","second-15min",377,230,50168,50148,607,100316,38567,22681,5172121,4940727,61248,10112848,"Equal Growth Rates"
39,2,960,"petite","second-15min",24,271,6994,93083,295,100077,5497,43218,744517,9405875,48715,10150392,"Equal Growth Rates"
39,3,960,"petite","second-15min",1,274,425,99631,275,100056,318,46291,45044,10070786,46609,10115830,"Equal Growth Rates"
4,1,955,"petite","second-15min",370,231,50028,50059,601,100087,38548,22733,5164715,4933823,61281,10098538,"Equal Growth Rates"
4,2,960,"petite","second-15min",14,278,3912,96262,292,100174,3028,44765,413526,9725069,47793,10138595,"Equal Growth Rates"
4,3,960,"petite","second-15min",1,280,166,100158,281,100324,132,46453,17843,10112110,46585,10129953,"Equal Growth Rates"
3,1,955,"petite","second-15min",352,227,50135,50153,579,100288,38619,22768,5167613,4941847,61387,10109460,"Equal Growth Rates"
3,2,960,"petite","second-15min",25,271,7027,93108,296,100135,5468,43218,744746,9405496,48686,10150242,"Equal Growth Rates"
3,3,960,"petite","second-15min",3,275,866,99263,278,100129,674,46121,92063,10012245,46795,10104308,"Equal Growth Rates"
2,1,955,"petite","second-15min",372,225,50029,50038,597,100067,38639,22589,5170485,4924428,61228,10094913,"Equal Growth Rates"
2,2,960,"petite","second-15min",30,271,7106,93214,301,100320,5553,43129,752437,9416434,48682,10168871,"Equal Growth Rates"
2,3,960,"petite","second-15min",1,275,255,99756,276,100011,197,46244,26988,10071985,46441,10098973,"Equal Growth Rates"
38,1,955,"petite","second-15min",374,243,50258,50012,617,100270,38777,22642,5191255,4920511,61419,10111766,"Equal Growth Rates"
38,2,960,"petite","second-15min",20,287,5738,94300,307,100038,4530,43711,611423,9513734,48241,10125157,"Equal Growth Rates"
38,3,960,"petite","second-15min",3,261,795,99282,264,100077,593,46037,83461,10020396,46630,10103857,"Equal Growth Rates"
5,1,955,"petite","second-15min",367,235,50063,50170,602,100233,38618,22773,5177579,4938402,61391,10115981,"Equal Growth Rates"
5,2,960,"petite","second-15min",24,264,6350,94053,288,100403,4955,43641,670841,9501982,48596,10172823,"Equal Growth Rates"
31,1,955,"petite","second-15min",383,231,50009,50185,614,100194,38589,22733,5157491,4948997,61322,10106488,"Equal Growth Rates"
31,2,960,"petite","second-15min",22,270,6101,93946,292,100047,4791,43576,647534,9496595,48367,10144129,"Equal Growth Rates"
31,3,960,"petite","second-15min",2,270,565,99576,272,100141,444,46328,59970,10066505,46772,10126475,"Equal Growth Rates"
36,1,955,"petite","second-15min",364,225,50010,50161,589,100171,38431,22808,5153837,4945575,61239,10099412,"Equal Growth Rates"
36,2,960,"petite","second-15min",29,285,7068,92997,314,100065,5516,43145,747818,9393615,48661,10141433,"Equal Growth Rates"
14,1,955,"petite","second-15min",350,227,50106,50090,577,100196,38653,22749,5168825,4940304,61402,10109129,"Equal Growth Rates"
14,2,960,"petite","second-15min",17,280,4630,95751,297,100381,3626,44464,487056,9670666,48090,10157722,"Equal Growth Rates"
13,1,955,"petite","second-15min",368,231,50066,50008,599,100074,38574,22688,5173243,4923994,61262,10097237,"Equal Growth Rates"
13,2,960,"petite","second-15min",18,268,5058,95185,286,100243,3913,44359,535350,9621728,48272,10157078,"Equal Growth Rates"
13,3,960,"petite","second-15min",2,267,570,99461,269,100031,432,46252,60828,10046968,46684,10107796,"Equal Growth Rates"
25,1,955,"petite","second-15min",376,226,50003,50040,602,100043,38441,22653,5160482,4916612,61094,10077094,"Equal Growth Rates"
25,2,960,"petite","second-15min",19,276,5282,94752,295,100034,4111,43970,556844,9579427,48081,10136271,"Equal Growth Rates"
25,3,960,"petite","second-15min",1,269,347,100019,270,100366,280,46429,37564,10107314,46709,10144878,"Equal Growth Rates"
22,1,955,"petite","second-15min",354,227,50071,50025,581,100096,38514,22536,5158725,4922143,61050,10080868,"Equal Growth Rates"
22,2,960,"petite","second-15min",19,281,5100,95176,300,100276,3959,44263,537987,9612510,48222,10150497,"Equal Growth Rates"
49,1,955,"petite","second-15min",378,233,50036,50217,611,100253,38466,22709,5167631,4943029,61175,10110660,"Equal Growth Rates"
49,2,960,"petite","second-15min",24,277,6427,93880,301,100307,5019,43599,680913,9497307,48618,10178220,"Equal Growth Rates"
47,1,955,"petite","second-15min",363,229,50092,50213,592,100305,38493,22809,5169464,4940804,61302,10110268,"Equal Growth Rates"
47,2,960,"petite","second-15min",32,269,8030,92255,301,100285,6217,42792,848499,9322427,49009,10170926,"Equal Growth Rates"
47,3,960,"petite","second-15min",2,280,572,99739,282,100311,458,46250,60384,10066699,46708,10127083,"Equal Growth Rates"
47,4,960,"petite","second-15min",1,277,224,100066,278,100290,183,46540,23770,10117234,46723,10141004,"Equal Growth Rates"
40,1,955,"petite","second-15min",374,225,50102,50045,599,100147,38600,22651,5166991,4923956,61251,10090947,"Equal Growth Rates"
40,2,960,"petite","second-15min",18,280,4728,95416,298,100144,3727,44386,502122,9643800,48113,10145922,"Equal Growth Rates"
40,3,960,"petite","second-15min",1,269,301,99974,270,100275,243,46420,31525,10100628,46663,10132153,"Equal Growth Rates"
23,1,955,"petite","second-15min",358,227,50070,50027,585,100097,38809,22677,5183040,4926182,61486,10109222,"Equal Growth Rates"
23,2,960,"petite","second-15min",12,280,3325,96829,292,100154,2620,45010,353238,9779269,47630,10132507,"Equal Growth Rates"
24,1,955,"petite","second-15min",366,232,50042,50097,598,100139,38530,22586,5169296,4925475,61116,10094771,"Equal Growth Rates"
24,2,960,"petite","second-15min",21,264,5217,94870,285,100087,4050,44072,550901,9587775,48122,10138676,"Equal Growth Rates"
12,1,955,"petite","second-15min",363,237,50104,50163,600,100267,38613,22634,5175283,4935404,61247,10110687,"Equal Growth Rates"
12,2,960,"petite","second-15min",24,275,6433,93632,299,100065,5009,43487,681202,9462268,48496,10143470,"Equal Growth Rates"
12,3,960,"petite","second-15min",1,276,404,99890,277,100294,307,46354,42367,10090204,46661,10132571,"Equal Growth Rates"
15,1,955,"petite","second-15min",352,226,50078,50012,578,100090,38631,22676,5169274,4922164,61307,10091438,"Equal Growth Rates"
15,2,960,"petite","second-15min",24,270,6315,93742,294,100057,4935,43548,666586,9473038,48483,10139624,"Equal Growth Rates"
15,3,960,"petite","second-15min",1,275,223,99804,276,100027,179,46324,24039,10087034,46503,10111073,"Equal Growth Rates"
41,1,955,"petite","second-15min",382,230,50022,50042,612,100064,38786,22687,5170699,4929535,61473,10100234,"Equal Growth Rates"
41,2,960,"petite","second-15min",19,267,5088,94995,286,100083,3988,43990,537809,9591069,47978,10128878,"Equal Growth Rates"
41,3,960,"petite","second-15min",1,281,380,99759,282,100139,308,46358,40281,10080015,46666,10120296,"Equal Growth Rates"
46,1,955,"petite","second-15min",374,232,50030,50014,606,100044,38635,22673,5166481,4928258,61308,10094739,"Equal Growth Rates"
46,2,960,"petite","second-15min",17,275,5253,95074,292,100327,4060,44099,553607,9604398,48159,10158005,"Equal Growth Rates"
46,3,960,"petite","second-15min",1,277,350,99960,278,100310,270,46398,37047,10096455,46668,10133502,"Equal Growth Rates"
48,1,955,"petite","second-15min",366,222,50043,50174,588,100217,38398,22786,5154534,4943642,61184,10098176,"Equal Growth Rates"
48,2,960,"petite","second-15min",28,262,7696,92466,290,100162,6022,42919,815743,9327876,48941,10143619,"Equal Growth Rates"
48,3,960,"petite","second-15min",2,267,610,99630,269,100240,474,46350,64703,10061447,46824,10126150,"Equal Growth Rates"
33,1,955,"petite","second-15min",369,227,50050,50191,596,100241,38434,22711,5158639,4935862,61145,10094501,"Equal Growth Rates"
33,2,960,"petite","second-15min",20,280,5440,94895,300,100335,4271,44042,574413,9592624,48313,10167037,"Equal Growth Rates"
9,1,955,"petite","second-15min",374,228,50126,50088,602,100214,38465,22698,5165978,4931523,61163,10097501,"Equal Growth Rates"
9,2,960,"petite","second-15min",24,272,6479,93664,296,100143,5088,43593,689127,9470662,48681,10159789,"Equal Growth Rates"
9,3,960,"petite","second-15min",3,274,748,99474,277,100222,593,46225,79854,10045911,46818,10125765,"Equal Growth Rates"
34,1,955,"petite","second-15min",380,230,50124,50194,610,100318,38575,22654,5156834,4937193,61229,10094027,"Equal Growth Rates"
34,2,960,"petite","second-15min",20,270,5332,94816,290,100148,4143,44149,564735,9585615,48292,10150350,"Equal Growth Rates"
7,1,955,"petite","second-15min",375,236,50034,50221,611,100255,38438,22794,5167077,4953773,61232,10120850,"Equal Growth Rates"
7,2,960,"petite","second-15min",18,270,4921,95355,288,100276,3884,44384,522327,9643354,48268,10165681,"Equal Growth Rates"
6,1,955,"petite","second-15min",364,223,50154,50442,587,100596,38673,22852,5173039,4975191,61525,10148230,"Equal Growth Rates"
6,2,960,"petite","second-15min",22,257,5879,94282,279,100161,4492,43690,619890,9526450,48182,10146340,"Equal Growth Rates"
6,3,960,"petite","second-15min",1,270,335,99726,271,100061,260,46250,34609,10072893,46510,10107502,"Equal Growth Rates"
1,1,955,"petite","second-15min",349,234,50039,50043,583,100082,38516,22614,5164527,4929471,61130,10093998,"Equal Growth Rates"
1,2,960,"petite","second-15min",14,276,4064,95984,290,100048,3146,44634,431239,9694804,47780,10126043,"Equal Growth Rates"
1,3,960,"petite","second-15min",1,270,319,99865,271,100184,250,46272,33839,10090331,46522,10124170,"Equal Growth Rates"
8,1,955,"petite","second-15min",384,238,50126,50103,622,100229,38692,22572,5179551,4935222,61264,10114773,"Equal Growth Rates"
8,2,960,"petite","second-15min",23,263,6085,94105,286,100190,4778,43701,644955,9509738,48479,10154693,"Equal Growth Rates"
35,1,955,"petite","second-15min",368,221,50148,50015,589,100163,38578,22707,5176827,4931324,61285,10108151,"Equal Growth Rates"
35,2,960,"petite","second-15min",22,284,5096,95113,306,100209,4010,44142,542038,9599150,48152,10141188,"Equal Growth Rates"
35,3,960,"petite","second-15min",3,265,785,99358,268,100143,623,46246,83459,10042971,46869,10126430,"Equal Growth Rates"
32,1,955,"petite","second-15min",371,231,50021,50036,602,100057,38501,22780,5161627,4934827,61281,10096454,"Equal Growth Rates"
32,2,960,"petite","second-15min",23,279,6221,93825,302,100046,4819,43540,657754,9485753,48359,10143507,"Equal Growth Rates"
50,1,955,"petite","second-15min",365,213,50064,50051,578,100115,38651,22737,5161845,4932098,61388,10093943,"Equal Growth Rates"
50,2,960,"petite","second-15min",23,269,6105,93990,292,100095,4713,43715,646368,9484297,48428,10130665,"Equal Growth Rates"
50,3,960,"petite","second-15min",1,273,390,99617,274,100007,298,46255,41755,10069517,46553,10111272,"Equal Growth Rates"
50,4,960,"petite","second-15min",1,269,357,99934,270,100291,283,46517,38402,10085469,46800,10123871,"Equal Growth Rates"
43,1,955,"petite","second-15min",375,218,50143,50077,593,100220,38724,22669,5171661,4937765,61393,10109426,"Equal Growth Rates"
43,2,960,"petite","second-15min",18,280,4851,95327,298,100178,3787,44297,514081,9639338,48084,10153419,"Equal Growth Rates"
44,1,955,"petite","second-15min",365,236,50039,50185,601,100224,38666,22675,5167205,4939335,61341,10106540,"Equal Growth Rates"
44,2,960,"petite","second-15min",23,276,5712,94304,299,100016,4457,43732,604543,9534605,48189,10139148,"Equal Growth Rates"
44,3,960,"petite","second-15min",2,282,549,99817,284,100366,429,46373,58706,10081664,46802,10140370,"Equal Growth Rates"
10,1,955,"petite","second-15min",355,230,50082,50389,585,100471,38633,22857,5169380,4956432,61490,10125812,"Equal Growth Rates"
10,2,960,"petite","second-15min",19,274,5763,94448,293,100211,4465,43928,614213,9540512,48393,10154725,"Equal Growth Rates"
17,1,955,"petite","second-15min",376,220,50116,50210,596,100326,38627,22768,5182142,4948476,61395,10130618,"Equal Growth Rates"
17,2,960,"petite","second-15min",18,280,4903,95232,298,100135,3801,44308,518923,9618490,48109,10137413,"Equal Growth Rates"
17,3,960,"petite","second-15min",2,265,524,99752,267,100276,409,46404,55024,10083394,46813,10138418,"Equal Growth Rates"
28,1,955,"petite","second-15min",374,222,50054,50331,596,100385,38659,22813,5165597,4960509,61472,10126106,"Equal Growth Rates"
28,2,960,"petite","second-15min",20,283,5116,94971,303,100087,3970,44109,538147,9596474,48079,10134621,"Equal Growth Rates"
21,1,955,"petite","second-15min",373,237,50032,50219,610,100251,38611,22769,5164743,4949259,61380,10114002,"Equal Growth Rates"
21,2,960,"petite","second-15min",27,276,7181,93073,303,100254,5568,43217,762474,9407410,48785,10169884,"Equal Growth Rates"
21,3,960,"petite","second-15min",1,268,255,99865,269,100120,208,46521,26890,10099437,46729,10126327,"Equal Growth Rates"
26,1,955,"petite","second-15min",364,238,50096,50027,602,100123,38538,22703,5168958,4934387,61241,10103345,"Equal Growth Rates"
26,2,960,"petite","second-15min",17,269,5227,95109,286,100336,4061,44033,553912,9607687,48094,10161599,"Equal Growth Rates"
19,1,955,"petite","second-15min",381,228,50057,50339,609,100396,38451,22865,5162052,4956666,61316,10118718,"Equal Growth Rates"
19,2,960,"petite","second-15min",29,267,7549,92588,296,100137,5911,43075,801557,9346193,48986,10147750,"Equal Growth Rates"
45,1,955,"petite","second-15min",373,232,50178,50141,605,100319,38438,22695,5163822,4946956,61133,10110778,"Equal Growth Rates"
45,2,960,"petite","second-15min",12,282,2987,97190,294,100177,2298,45034,315530,9825271,47332,10140801,"Equal Growth Rates"
42,1,955,"petite","second-15min",368,228,50260,50086,596,100346,38631,22712,5183897,4939250,61343,10123147,"Equal Growth Rates"
42,2,960,"petite","second-15min",27,270,7589,92905,297,100494,5899,43159,802515,9392420,49058,10194935,"Equal Growth Rates"
42,3,960,"petite","second-15min",1,267,304,99869,268,100173,231,46464,31802,10091877,46695,10123679,"Equal Growth Rates"
27,1,955,"petite","second-15min",362,238,50021,50076,600,100097,38462,22607,5156188,4932713,61069,10088901,"Equal Growth Rates"
27,2,960,"petite","second-15min",12,264,3558,96455,276,100013,2813,44741,378694,9752161,47554,10130855,"Equal Growth Rates"
27,3,960,"petite","second-15min",1,270,382,99777,271,100159,301,46327,40574,10077269,46628,10117843,"Equal Growth Rates"
18,1,955,"petite","second-15min",375,227,50088,50037,602,100125,38679,22766,5176478,4927100,61445,10103578,"Equal Growth Rates"
18,2,960,"petite","second-15min",20,270,5971,94305,290,100276,4692,44060,634805,9533537,48752,10168342,"Equal Growth Rates"
18,3,960,"petite","second-15min",1,283,300,99779,284,100079,238,46307,32373,10099776,46545,10132149,"Equal Growth Rates"
20,1,955,"petite","second-15min",378,231,50027,50096,609,100123,38539,22540,5158313,4932045,61079,10090358,"Equal Growth Rates"
20,2,960,"petite","second-15min",21,281,5505,94688,302,100193,4248,43944,581394,9562119,48192,10143513,"Equal Growth Rates"
20,3,960,"petite","second-15min",1,270,262,99955,271,100217,204,46437,27524,10093484,46641,10121008,"Equal Growth Rates"
16,1,955,"petite","second-15min",364,229,50099,50178,593,100277,38657,22893,5172366,4948809,61550,10121175,"Equal Growth Rates"
16,2,960,"petite","second-15min",21,272,5944,94163,293,100107,4620,43878,626010,9503464,48498,10129474,"Equal Growth Rates"
29,1,955,"petite","second-15min",375,239,50174,50148,614,100322,38584,22751,5175954,4937294,61335,10113248,"Equal Growth Rates"
29,2,960,"petite","second-15min",24,275,6772,93306,299,100078,5258,43348,715742,9426249,48606,10141991,"Equal Growth Rates"
11,1,955,"petite","second-15min",358,224,50118,50143,582,100261,38435,22751,5173494,4929355,61186,10102849,"Equal Growth Rates"
11,2,960,"petite","second-15min",16,275,5081,94984,291,100065,3989,44070,538440,9594476,48059,10132916,"Equal Growth Rates"
37,1,890,"petite","second",498,322,50020,50064,820,100084,37726,41790,3689560,6361967,79516,10051527,"Normal"
37,2,850,"petite","second",10,395,2090,97950,405,100040,1361,64866,135909,9884058,66227,10019967,"Normal"
37,3,850,"petite","second",1,379,224,100070,380,100294,148,66141,14661,10089702,66289,10104363,"Normal"
30,1,890,"petite","second",515,328,50073,50079,843,100152,37731,41786,3695017,6367423,79517,10062440,"Normal"
30,2,850,"petite","second",11,390,2355,97911,401,100266,1526,64699,151527,9886495,66225,10038022,"Normal"
39,1,890,"petite","second",502,324,50074,50152,826,100226,37850,41793,3700467,6367201,79643,10067668,"Normal"
39,2,855,"petite","second",12,385,2481,97530,397,100011,1671,66295,164666,10122291,67966,10286957,"Normal"
4,1,890,"petite","second",513,320,50108,50073,833,100181,37854,41800,3689231,6347323,79654,10036554,"Normal"
4,2,850,"petite","second",10,391,1982,98284,401,100266,1256,64890,128186,9895683,66146,10023869,"Normal"
4,3,850,"petite","second",1,394,224,99931,395,100155,144,65889,14504,10083300,66033,10097804,"Normal"
3,1,890,"petite","second",524,326,50048,50075,850,100123,37715,41567,3692179,6346830,79282,10039009,"Normal"
3,2,850,"petite","second",17,400,3393,97104,417,100497,2222,64182,219286,9793656,66404,10012942,"Normal"
2,1,890,"petite","second",509,325,50093,50281,834,100374,37903,41946,3700319,6393696,79849,10094015,"Normal"
2,2,850,"petite","second",10,395,1950,98163,405,100113,1290,65017,125755,9918998,66307,10044753,"Normal"
2,3,850,"petite","second",1,384,281,100166,385,100447,194,66299,18341,10098222,66493,10116563,"Normal"
38,1,890,"petite","second",508,317,50067,50162,825,100229,37839,41713,3697687,6371794,79552,10069481,"Normal"
38,2,855,"petite","second",16,390,3150,96852,406,100002,2104,65886,208287,10049769,67990,10258056,"Normal"
5,1,890,"petite","second",497,334,50020,50008,831,100028,37782,41694,3691051,6340738,79476,10031789,"Normal"
5,2,850,"petite","second",12,402,2310,97975,414,100285,1521,64611,150893,9880309,66132,10031202,"Normal"
31,1,890,"petite","second",505,335,50153,50068,840,100221,37900,41652,3703894,6353232,79552,10057126,"Normal"
31,2,850,"petite","second",8,393,1494,98600,401,100094,951,65182,96602,9942567,66133,10039169,"Normal"
36,1,890,"petite","second",525,322,50083,50007,847,100090,37817,41694,3696796,6336952,79511,10033748,"Normal"
36,2,855,"petite","second",17,387,3367,96870,404,100237,2265,65912,224875,10045881,68177,10270756,"Normal"
36,3,850,"petite","second",2,387,502,99714,389,100216,330,66036,32211,10066401,66366,10098612,"Normal"
14,1,890,"petite","second",512,332,50114,50039,844,100153,37821,41483,3700005,6342688,79304,10042693,"Normal"
14,2,855,"petite","second",12,390,2441,97616,402,100057,1661,66338,162337,10121807,67999,10284144,"Normal"
13,1,890,"petite","second",494,331,50027,50097,825,100124,37710,41819,3692013,6366917,79529,10058930,"Normal"
13,2,850,"petite","second",9,386,1942,98272,395,100214,1276,64860,125476,9895665,66136,10021141,"Normal"
25,1,890,"petite","second",505,326,50006,50223,831,100229,37725,41843,3695985,6377688,79568,10073673,"Normal"
25,2,850,"petite","second",8,402,1289,98928,410,100217,845,65539,83501,10001934,66384,10085435,"Normal"
22,1,890,"petite","second",506,327,50040,50033,833,100073,37747,41573,3691703,6335993,79320,10027696,"Normal"
22,2,850,"petite","second",11,393,2051,98034,404,100085,1324,64824,132820,9892179,66148,10024999,"Normal"
49,1,890,"petite","second",521,326,50034,50115,847,100149,37784,41752,3692326,6364468,79536,10056794,"Normal"
49,2,850,"petite","second",8,386,1528,98512,394,100040,996,65224,98115,9946604,66220,10044719,"Normal"
49,3,850,"petite","second",1,384,226,100068,385,100294,146,66131,14788,10077615,66277,10092403,"Normal"
47,1,890,"petite","second",515,334,50018,50038,849,100056,37841,41730,3689597,6351240,79571,10040837,"Normal"
47,2,850,"petite","second",17,393,3441,96878,410,100319,2244,64107,223698,9778913,66351,10002611,"Normal"
40,1,890,"petite","second",506,335,50084,50137,841,100221,37918,41686,3696607,6363998,79604,10060605,"Normal"
40,2,855,"petite","second",15,383,2984,97037,398,100021,1973,65812,196829,10066399,67785,10263228,"Normal"
40,3,850,"petite","second",1,379,265,99868,380,100133,172,65945,17230,10066440,66117,10083670,"Normal"
23,1,890,"petite","second",510,332,50056,50092,842,100148,37760,41555,3694768,6340648,79315,10035416,"Normal"
23,2,855,"petite","second",20,384,3785,96471,404,100256,2525,65423,250599,10000958,67948,10251557,"Normal"
23,3,850,"petite","second",1,400,225,99987,401,100212,146,66220,14905,10079038,66366,10093943,"Normal"
24,1,890,"petite","second",495,330,50005,50149,825,100154,37775,41809,3690171,6360060,79584,10050231,"Normal"
24,2,850,"petite","second",13,390,2314,97902,403,100216,1556,64426,152716,9864114,65982,10016830,"Normal"
12,1,890,"petite","second",507,326,50007,50119,833,100126,37778,41726,3697647,6361146,79504,10058793,"Normal"
12,2,855,"petite","second",14,381,3058,97043,395,100101,2052,65970,203569,10079030,68022,10282599,"Normal"
12,3,850,"petite","second",1,380,312,99741,381,100053,203,65941,20254,10050832,66144,10071086,"Normal"
15,1,890,"petite","second",517,337,50009,50145,854,100154,37715,41653,3691511,6363884,79368,10055395,"Normal"
15,2,855,"petite","second",16,391,2871,97272,407,100143,1942,65950,192532,10092105,67892,10284637,"Normal"
15,3,850,"petite","second",1,382,322,99780,383,100102,214,65815,21036,10066182,66029,10087218,"Normal"
41,1,890,"petite","second",508,332,50046,50069,840,100115,37705,41597,3695114,6344864,79302,10039978,"Normal"
41,2,855,"petite","second",15,392,3212,96889,407,100101,2146,65752,213982,10057836,67898,10271818,"Normal"
41,3,850,"petite","second",2,382,551,99530,384,100081,363,65796,35857,10037078,66159,10072935,"Normal"
46,1,890,"petite","second",522,327,50124,50117,849,100241,37890,41670,3699699,6358527,79560,10058226,"Normal"
46,2,850,"petite","second",16,392,3067,97257,408,100324,2023,64231,199877,9803990,66254,10003867,"Normal"
46,3,850,"petite","second",2,378,344,99727,380,100071,219,65658,22152,10051714,65877,10073866,"Normal"
48,1,890,"petite","second",503,332,50113,50150,835,100263,37905,41526,3706606,6353171,79431,10059777,"Normal"
48,2,850,"petite","second",12,405,2361,97771,417,100132,1544,64483,152847,9866478,66027,10019325,"Normal"
33,1,890,"petite","second",498,324,50046,50099,822,100145,37756,41711,3700908,6353864,79467,10054772,"Normal"
33,2,855,"petite","second",14,382,2863,97365,396,100228,1938,65920,189753,10090985,67858,10280738,"Normal"
9,1,890,"petite","second",499,336,50034,50134,835,100168,37684,41661,3694886,6369059,79345,10063945,"Normal"
9,2,855,"petite","second",15,387,2951,97067,402,100018,1975,66011,195673,10070347,67986,10266020,"Normal"
34,1,890,"petite","second",502,308,50098,50134,810,100232,37848,41662,3702088,6363064,79510,10065152,"Normal"
34,2,855,"petite","second",18,392,3639,96562,410,100201,2438,65715,241209,10017489,68153,10258698,"Normal"
7,1,890,"petite","second",519,322,50048,50096,841,100144,37837,41742,3693222,6364131,79579,10057353,"Normal"
7,2,855,"petite","second",13,395,2534,97582,408,100116,1726,66438,167884,10122006,68164,10289890,"Normal"
6,1,890,"petite","second",499,321,50043,50138,820,100181,38002,41674,3694723,6362402,79676,10057125,"Normal"
6,2,850,"petite","second",13,376,2620,97605,389,100225,1694,64449,168279,9845744,66143,10014023,"Normal"
1,1,890,"petite","second",501,334,50068,50104,835,100172,37770,41804,3696326,6367168,79574,10063494,"Normal"
1,2,855,"petite","second",15,387,2689,97426,402,100115,1792,66144,177464,10098955,67936,10276419,"Normal"
1,3,850,"petite","second",2,385,462,99720,387,100182,299,65891,29846,10064337,66190,10094183,"Normal"
8,1,890,"petite","second",505,328,50016,50186,833,100202,37897,41762,3690211,6379321,79659,10069532,"Normal"
8,2,855,"petite","second",15,378,2857,97204,393,100061,1921,66047,191304,10092412,67968,10283716,"Normal"
35,1,890,"petite","second",507,326,50015,50157,833,100172,37686,41728,3690687,6366535,79414,10057222,"Normal"
35,2,855,"petite","second",15,396,3158,97082,411,100240,2142,66039,210250,10073267,68181,10283517,"Normal"
32,1,890,"petite","second",510,321,50001,50028,831,100029,37812,41735,3688933,6345098,79547,10034031,"Normal"
32,2,855,"petite","second",19,389,3408,96705,408,100113,2321,65710,226592,10034300,68031,10260892,"Normal"
32,3,850,"petite","second",1,384,178,99966,385,100144,118,66051,11730,10076820,66169,10088550,"Normal"
50,1,890,"petite","second",511,332,50075,50104,843,100179,37778,41548,3699359,6351347,79326,10050706,"Normal"
50,2,855,"petite","second",18,391,3990,96176,409,100166,2682,65306,264387,9975785,67988,10240172,"Normal"
50,3,850,"petite","second",1,384,198,99858,385,100056,129,65832,12559,10045442,65961,10058001,"Normal"
43,1,890,"petite","second",504,329,50067,50149,833,100216,37699,41706,3701987,6360954,79405,10062941,"Normal"
43,2,850,"petite","second",11,396,2232,97869,407,100101,1475,64789,144859,9868899,66264,10013758,"Normal"
43,3,850,"petite","second",1,375,222,99921,376,100143,144,66240,14787,10082498,66384,10097285,"Normal"
44,1,890,"petite","second",505,320,50031,50052,825,100083,37630,41615,3692282,6350227,79245,10042509,"Normal"
44,2,850,"petite","second",8,401,1454,98706,409,100160,932,65236,93548,9939347,66168,10032895,"Normal"
44,3,850,"petite","second",1,377,261,99746,378,100007,174,65636,17075,10049496,65810,10066571,"Normal"
10,1,890,"petite","second",502,325,50043,50032,827,100075,37685,41465,3684353,6355440,79150,10039793,"Normal"
10,2,850,"petite","second",10,387,1964,98324,397,100288,1296,64918,127662,9907016,66214,10034678,"Normal"
17,1,890,"petite","second",507,328,50008,50011,835,100019,37874,41556,3695076,6353176,79430,10048252,"Normal"
17,2,855,"petite","second",15,379,3298,97030,394,100328,2209,66157,218238,10071964,68366,10290202,"Normal"
28,1,890,"petite","second",497,325,50070,50054,822,100124,37902,41553,3698642,6341490,79455,10040132,"Normal"
28,2,850,"petite","second",13,392,2545,97618,405,100163,1633,64378,162929,9840029,66011,10002958,"Normal"
28,3,850,"petite","second",1,392,148,99973,393,100121,93,65899,9272,10070953,65992,10080225,"Normal"
21,1,890,"petite","second",523,347,50011,50079,870,100090,37825,41625,3694223,6351890,79450,10046113,"Normal"
21,2,855,"petite","second",12,391,2329,97690,403,100019,1575,66334,155079,10124956,67909,10280035,"Normal"
26,1,890,"petite","second",513,322,50052,50186,835,100238,38023,41771,3701297,6378238,79794,10079535,"Normal"
26,2,850,"petite","second",8,399,1581,98624,407,100205,1010,65026,101503,9951123,66036,10052626,"Normal"
26,3,850,"petite","second",1,387,233,99998,388,100231,150,66158,15108,10086435,66308,10101543,"Normal"
19,1,890,"petite","second",524,336,50008,50149,860,100157,37808,41785,3698989,6365079,79593,10064068,"Normal"
19,2,850,"petite","second",11,381,2663,97759,392,100422,1728,64537,172326,9847492,66265,10019818,"Normal"
45,1,890,"petite","second",509,322,50045,50049,831,100094,37765,41818,3695844,6358223,79583,10054067,"Normal"
45,2,850,"petite","second",8,397,1477,98550,405,100027,958,65172,95249,9930259,66130,10025508,"Normal"
42,1,890,"petite","second",499,330,50173,50037,829,100210,38115,41639,3710292,6350809,79754,10061101,"Normal"
42,2,855,"petite","second",11,396,1940,98071,407,100011,1281,66626,127811,10161133,67907,10288944,"Normal"
27,1,890,"petite","second",517,322,50091,50060,839,100151,37819,41584,3698671,6344258,79403,10042929,"Normal"
27,2,855,"petite","second",20,382,3870,96358,402,100228,2629,65608,259140,10015307,68237,10274447,"Normal"
18,1,890,"petite","second",501,320,50018,50187,821,100205,37809,41628,3694738,6369268,79437,10064006,"Normal"
18,2,855,"petite","second",18,388,3509,96775,406,100284,2371,65960,232299,10044007,68331,10276306,"Normal"
20,1,890,"petite","second",511,328,50015,50185,839,100200,37733,41686,3683440,6358588,79419,10042028,"Normal"
20,2,855,"petite","second",14,386,2806,97286,400,100092,1875,66082,186654,10103758,67957,10290412,"Normal"
20,3,850,"petite","second",1,386,208,99903,387,100111,141,65938,13807,10062086,66079,10075893,"Normal"
16,1,890,"petite","second",520,337,50079,50094,857,100173,38023,41807,3699182,6364696,79830,10063878,"Normal"
16,2,850,"petite","second",11,399,2283,97975,410,100258,1474,64845,146226,9894851,66319,10041077,"Normal"
16,3,850,"petite","second",2,386,342,99865,388,100207,221,65847,22228,10062285,66068,10084513,"Normal"
29,1,890,"petite","second",514,320,50123,50197,834,100320,38059,41805,3699004,6368657,79864,10067661,"Normal"
29,2,855,"petite","second",17,390,3320,96896,407,100216,2236,65985,220958,10059248,68221,10280206,"Normal"
11,1,890,"petite","second",503,323,50056,50160,826,100216,37721,41599,3691228,6355031,79320,10046259,"Normal"
11,2,855,"petite","second",14,388,2872,97288,402,100160,1934,65972,192434,10084748,67906,10277182,"Normal"
