"strain","num_nodes","mean_diameter","sd_diameter","n","se_diameter","ci_lower","ci_upper"
"Petite",1,0,0,300,0,0,0
"Petite",5,3.27,0.444701245022335,300,0.0256748383522607,3.21947372385812,3.32052627614188
"Petite",10,5.12,0.489624796626531,300,0.0282685008134243,5.06436957854926,5.17563042145074
"Petite",15,6.17666666666667,0.57726337046895,300,0.0333283162333559,6.11107888433104,6.24225444900229
"Petite",20,6.88333333333333,0.575173862522733,300,0.0332076784358337,6.81798295769866,6.948683708968
"Petite",25,7.48,0.597878076182706,300,0.0345185068226661,7.41207000629183,7.54792999370817
"Petite",30,8.01333333333333,0.633371471010382,300,0.0365677189284873,7.94137063432391,8.08529603234276
"Petite",35,8.38,0.608413694849374,300,0.0351267810499941,8.31087296539294,8.44912703460706
"Petite",40,8.72666666666667,0.632420277119519,300,0.0365128017235932,8.65481204085409,8.79852129247924
"Petite",45,9.03666666666667,0.650692110729368,300,0.0375677265289166,8.96273602303107,9.11059731030227
"Petite",50,9.33333333333333,0.676076292093819,300,0.039033282923309,9.25651857778752,9.41014808887915
"Petite",55,9.56333333333333,0.688648200002569,300,0.0397591223648434,9.48509017681554,9.64157648985112
"Petite",60,9.8,0.722315118514615,300,0.0417028828114149,9.71793165962985,9.88206834037015
"Petite",65,10.0466666666667,0.68267295495989,300,0.039414141431457,9.96910240836295,10.1242309249704
"Petite",70,10.2533333333333,0.666309826460897,300,0.0384694157670891,10.1776282286937,10.329038437973
"Petite",75,10.4266666666667,0.672902828257154,300,0.0388500629032728,10.3502124752342,10.5031208580991
"Petite",80,10.5733333333333,0.662887841082541,300,0.0382718473491535,10.498017029445,10.6486496372217
"Petite",85,10.74,0.648435214516261,300,0.0374374245652996,10.6663257814645,10.8136742185355
"Petite",90,10.8966666666667,0.65376876714314,300,0.0377453573697862,10.8223864580292,10.9709468753042
"Petite",95,11.0166666666667,0.666736339726027,300,0.0384940405219327,10.9409131022413,11.092420231092
"Petite",100,11.15,0.644633104536901,300,0.0372179096432924,11.0767577713924,11.2232422286076
"Petite",105,11.2533333333333,0.686093752836418,300,0.0396116412889426,11.1753804092004,11.3312862574662
"Petite",110,11.4033333333333,0.727382871460785,300,0.0419954696641807,11.3206892026148,11.4859774640518
"Petite",115,11.5566666666667,0.708374810248693,300,0.0408980387384233,11.4761822028267,11.6371511305066
"Petite",120,11.66,0.711397889033795,300,0.0410725762734593,11.5791720585665,11.7408279414335
"Petite",125,11.7433333333333,0.711201975335624,300,0.0410612651908216,11.6625276513149,11.8241390153517
"Petite",130,11.8466666666667,0.71521137663382,300,0.0412927480827019,11.7654054425975,11.9279278907359
"Petite",135,11.9566666666667,0.754998209629689,300,0.0435898419567386,11.8708849234101,12.0424484099232
"Petite",140,12.0766666666667,0.734338522600309,300,0.0423970543699601,11.993232245491,12.1601010878423
"Petite",145,12.1733333333333,0.729196806193475,300,0.0421001972348018,12.0904831061215,12.2561835605452
"Petite",150,12.2266666666667,0.719035648003087,300,0.0415135424931519,12.1449709347264,12.308362398607
"Petite",155,12.3266666666667,0.722284249687553,300,0.0417011005988535,12.2446018335655,12.4087314997678
"Petite",160,12.39,0.706799276592233,300,0.0408070752603559,12.3096945458873,12.4703054541127
"Petite",165,12.46,0.69040243220505,300,0.0398604030082758,12.3815575302991,12.5384424697009
"Petite",170,12.55,0.689748148501469,300,0.0398226279210369,12.471631869014,12.628368130986
"Petite",175,12.6466666666667,0.695293943437949,300,0.0401428145409816,12.5676684309317,12.7256649024017
"Petite",180,12.7166666666667,0.67669437202674,300,0.0390689677848743,12.639781685823,12.7935516475103
"Petite",185,12.7866666666667,0.670313326293691,300,0.0387005579377056,12.7105066904917,12.8628266428417
"Petite",190,12.8666666666667,0.695582493723164,300,0.040159473999466,12.787635646289,12.9456976870443
"Petite",195,12.9433333333333,0.713080524909757,300,0.0411697233010528,12.862314213382,13.0243524532847
"Petite",200,13.0166666666667,0.733609454451817,300,0.0423549616007811,12.9333150811004,13.100018252233
"Petite",205,13.0633333333333,0.731051990123205,300,0.0422073063289244,12.9802723229573,13.1463943437094
"Petite",210,13.1233333333333,0.718686712593476,300,0.041493396697885,13.0416772469013,13.2049894197654
"Petite",215,13.1766666666667,0.702686356735371,300,0.0405696157217044,13.0968285162253,13.256504817108
"Petite",220,13.23,0.691878350704741,300,0.0399456152025857,13.1513898386938,13.3086101613062
"Petite",225,13.29,0.693423478403593,300,0.0400348231918721,13.2112142836449,13.3687857163551
"Petite",230,13.3466666666667,0.693849392028474,300,0.0400594133264698,13.2678325586561,13.4255007746772
"Petite",235,13.42,0.701360359954175,300,0.0404930592618476,13.3403125072874,13.4996874927126
"Petite",240,13.49,0.701098039890614,300,0.0404779142059165,13.4103423116923,13.5696576883077
"Petite",245,13.5566666666667,0.708374810248693,300,0.0408980387384233,13.4761822028267,13.6371511305066
"Petite",250,13.61,0.697271318046211,300,0.0402569783172185,13.5307770979826,13.6892229020174
"Petite",255,13.68,0.706586310401513,300,0.0407947796516018,13.5997187427806,13.7602812572194
"Petite",260,13.72,0.704690448894081,300,0.0406853220364356,13.639934147669,13.800065852331
"Petite",265,13.78,0.697535077215826,300,0.0402722064599763,13.7007471300687,13.8592528699313
"Petite",270,13.82,0.704215686023445,300,0.0406579115893193,13.7399880895011,13.9000119104989
"Petite",275,13.86,0.699067702139008,300,0.0403606926011729,13.7805729955661,13.9394270044339
"Petite",280,13.9333333333333,0.709860475872719,300,0.040983813683219,13.8526800704347,14.013986596232
"Petite",285,13.9833333333333,0.719802710490163,300,0.0415578288664918,13.901550448925,14.0651162177417
"Petite",290,14.0333333333333,0.726163388256184,300,0.0419250627685358,13.9508277584337,14.115838908233
"Petite",295,14.0833333333333,0.747161107990238,300,0.0431373666826183,13.9984420295932,14.1682246370734
"Petite",300,14.11,0.743691416568003,300,0.0429370439549551,14.0255029172991,14.1944970827009
"Petite",305,14.1333333333333,0.742108238521282,300,0.0428456391278101,14.0490161289036,14.217650537763
"Petite",310,14.19,0.731905471170353,300,0.0422565820801563,14.1068420184112,14.2731579815888
"Petite",315,14.23,0.724926475339968,300,0.0418536495680217,14.1476349612564,14.3123650387436
"Petite",320,14.2666666666667,0.719221677668052,300,0.0415242829208664,14.18494979832,14.3483835350133
"Petite",325,14.2933333333333,0.731943549796831,300,0.0422587805506811,14.2101710253091,14.3764956413576
"Petite",330,14.3366666666667,0.705915441767147,300,0.0407560470329376,14.2564616325167,14.4168717008166
"Petite",335,14.3766666666667,0.699824790940995,300,0.0404044031435357,14.2971536429596,14.4561796903737
"Petite",340,14.4066666666667,0.699705305064453,300,0.0403975046232371,14.3271672187624,14.486166114571
"Petite",345,14.4533333333333,0.704373975869231,300,0.0406670504578268,14.373303438184,14.5333632284827
"Petite",350,14.4933333333333,0.701137791663344,300,0.0404802092755851,14.4136711284899,14.5729955381767
"Petite",355,14.5333333333333,0.705133272506369,300,0.0407108884696114,14.45321716806,14.6134494986067
"Petite",360,14.57,0.71189135242596,300,0.0411010663956895,14.4891159920097,14.6508840079903
"Petite",365,14.61,0.716200491351904,300,0.0413498546475764,14.5286263942275,14.6913736057725
"Petite",370,14.6666666666667,0.719221677668052,300,0.0415242829208664,14.58494979832,14.7483835350133
"Petite",375,14.7133333333333,0.720800991341776,300,0.0416154646383323,14.6314370257796,14.7952296408871
"Petite",380,14.7433333333333,0.715889106588441,300,0.0413318768398757,14.661995106622,14.8246715600447
"Petite",385,14.78,0.725733396786108,300,0.0419002371994361,14.6975432800743,14.8624567199257
"Petite",390,14.8233333333333,0.721473470603624,300,0.0416542902466176,14.7413606197131,14.9053060469535
"Petite",395,14.8633333333333,0.730136439044757,300,0.0421544469627645,14.7803763464723,14.9462903201944
"Petite",400,14.8866666666667,0.722654588585423,300,0.0417224821250912,14.8045597562256,14.9687735771077
"Petite",405,14.9266666666667,0.732400338892778,300,0.0422851532814319,14.8434524589631,15.0098808743702
"Petite",410,14.96,0.739519865931283,300,0.0426961993666502,14.87597688251,15.04402311749
"Petite",415,14.9833333333333,0.742671366138817,300,0.0428781513159673,14.898952147204,15.0677145194627
"Petite",420,15.0166666666667,0.738154316435117,300,0.0426173593297299,14.9327987008245,15.1005346325089
"Petite",425,15.0466666666667,0.734588972658448,300,0.0424115141108085,14.963203789738,15.1301295435953
"Petite",430,15.0633333333333,0.744650187601673,300,0.0429923986263931,14.9787273165322,15.1479393501345
"Petite",435,15.1,0.719996283899737,300,0.0415690048325044,15.0181951220766,15.1818048779234
"Petite",440,15.1233333333333,0.723325344550514,300,0.0417612082387918,15.0411502126242,15.2055164540425
"Petite",445,15.14,0.7225928786166,300,0.0417189192983801,15.0579001009514,15.2220998990486
"Petite",450,15.1566666666667,0.716822855086343,300,0.0413857868345376,15.0752223488774,15.238110984456
"Petite",455,15.18,0.708949007794054,300,0.0409311900491615,15.0994502967121,15.2605497032879
"Petite",460,15.22,0.707059481492111,300,0.0408220981972547,15.1396649818041,15.3003350181959
"Petite",465,15.2566666666667,0.715889106588441,300,0.0413318768398757,15.1753284399553,15.338004893378
"Petite",470,15.2833333333333,0.710449164689199,300,0.0410178016478854,15.2026131845106,15.3640534821561
"Petite",475,15.32,0.729869186978279,300,0.0421390171575123,15.2370733779105,15.4029266220895
"Petite",480,15.3633333333333,0.720916980795677,300,0.0416221612925756,15.281423847235,15.4452428194316
"Petite",485,15.3933333333333,0.725979137382937,300,0.0419144250394091,15.3108486927365,15.4758179739302
"Petite",490,15.42,0.724811127514308,300,0.0418469899582022,15.3376480669002,15.5023519330998
"Petite",495,15.4466666666667,0.722654588585423,300,0.0417224821250912,15.3645597562256,15.5287735771077
"Petite",500,15.4666666666667,0.709860475872719,300,0.040983813683219,15.386013403768,15.5473199295653
"Petite",505,15.4833333333333,0.705725904581147,300,0.0407451040984017,15.4031498341089,15.5635168325577
"Petite",510,15.53,0.700525364246847,300,0.0404448507622078,15.4504073782241,15.6095926217759
"Petite",515,15.5466666666667,0.709106241047511,300,0.0409402679152824,15.4660990987767,15.6272342345566
"Petite",520,15.57,0.707177724796363,300,0.0408289249776087,15.4896515471805,15.6503484528195
"Petite",525,15.6033333333333,0.712517480080517,300,0.04113721589268,15.5223781856754,15.6842884809913
"Petite",530,15.6166666666667,0.710449164689199,300,0.0410178016478854,15.5359465178439,15.6973868154894
"Petite",535,15.6533333333333,0.708162317869562,300,0.0408857704851941,15.5728730125529,15.7337936541138
"Petite",540,15.6733333333333,0.717638888394441,300,0.0414329005395474,15.5917962990861,15.7548703675806
"Petite",545,15.7066666666667,0.727359881268196,300,0.0419941423247927,15.6240251480587,15.7893081852746
"Petite",550,15.7333333333333,0.742108238521282,300,0.0428456391278101,15.6490161289036,15.817650537763
"Petite",555,15.7533333333333,0.749016449102182,300,0.0432444848516602,15.6682312285703,15.8384354380964
"Petite",560,15.77,0.747638422435833,300,0.0431649244449835,15.6850544645217,15.8549455354783
"Petite",565,15.7966666666667,0.732879661027225,300,0.042312826957767,15.7133979991144,15.8799353342189
"Petite",570,15.8133333333333,0.721264837241049,300,0.0416422447938131,15.7313843243171,15.8952823423496
"Petite",575,15.8366666666667,0.715328272436307,300,0.0412994970650052,15.755392161075,15.9179411722584
"Petite",580,15.8766666666667,0.732514491659055,300,0.0422917438944657,15.7934394891002,15.9598938442331
"Petite",585,15.9,0.733799385705343,300,0.0423659272868162,15.8166268347348,15.9833731652652
"Petite",590,15.9233333333333,0.734338522600309,300,0.0423970543699601,15.8398989121577,16.006767754509
"Petite",595,15.95,0.741168741703891,300,0.0427913972537678,15.8657895397635,16.0342104602365
"Petite",600,15.97,0.746743207575536,300,0.0431132391909261,15.8851561774667,16.0548438225333
"Petite",605,15.9866666666667,0.744986962393309,300,0.0430118423280538,15.9020223860281,16.0713109473052
"Petite",610,16.0166666666667,0.747161107990238,300,0.0431373666826183,15.9317753629266,16.1015579704068
"Petite",615,16.0333333333333,0.748837821225139,300,0.0432341717663707,15.9482515239968,16.1184151426699
"Petite",620,16.0566666666667,0.745188954212615,300,0.0430235043311789,15.9719994360262,16.1413338973072
"Petite",625,16.08,0.736256462515147,300,0.0425077866825722,15.996347665421,16.1636523345789
"Petite",630,16.0966666666667,0.727382871460785,300,0.0419954696641807,16.0140225359482,16.1793107973852
"Petite",635,16.1133333333333,0.727267913230241,300,0.0419888325476457,16.0307022639934,16.1959644026733
"Petite",640,16.1466666666667,0.730479905173141,300,0.0421742769889325,16.0636706557088,16.2296626776246
"Petite",645,16.1766666666667,0.721473470603624,300,0.0416542902466176,16.0946939530465,16.2586393802869
"Petite",650,16.2,0.731516955959455,300,0.0422341511439967,16.1168861609159,16.2831138390841
"Petite",655,16.2333333333333,0.726163388256184,300,0.0419250627685358,16.1508277584337,16.315838908233
"Petite",660,16.2433333333333,0.720545748820086,300,0.0416007282044717,16.161466026045,16.3252006406216
"Petite",665,16.2566666666667,0.715889106588441,300,0.0413318768398757,16.1753284399553,16.338004893378
"Petite",670,16.2866666666667,0.716146008791911,300,0.0413467090955086,16.2052992511194,16.3680340822139
"Petite",675,16.3133333333333,0.728187070920935,300,0.0420419001416607,16.2305978307007,16.396068835966
"Petite",680,16.3366666666667,0.719988541962588,300,0.0415685578515546,16.2548626683703,16.418470664963
"Petite",685,16.36,0.720274938216008,300,0.0415850929469553,16.2781634617988,16.4418365382012
"Petite",690,16.38,0.72388768322608,300,0.0417936748773632,16.2977529872296,16.4622470127704
"Petite",695,16.3966666666667,0.735612653149605,300,0.0424706163315219,16.3130874807244,16.480245852609
"Petite",700,16.4133333333333,0.737769091924353,300,0.0425951183822311,16.3295091361116,16.4971575305551
"Petite",705,16.4433333333333,0.754111731709496,300,0.0435386611301532,16.3576523103439,16.5290143563228
"Petite",710,16.4533333333333,0.741386811028796,300,0.0428039874921113,16.3690980963933,16.5375685702734
"Petite",715,16.4866666666667,0.756126961668981,300,0.043655010486112,16.4007566763277,16.5725766570057
"Petite",720,16.51,0.747280465183913,300,0.0431442577734081,16.4250951350779,16.5949048649221
"Petite",725,16.5233333333333,0.737973059361496,300,0.0426068944477052,16.4394859616429,16.6071807050237
"Petite",730,16.5433333333333,0.737066105380804,300,0.0425545314352156,16.4595890083688,16.6270776582979
"Petite",735,16.55,0.741168741703891,300,0.0427913972537678,16.4657895397635,16.6342104602365
"Petite",740,16.57,0.735006199778189,300,0.0424356027297981,16.4864897183633,16.6535102816367
"Petite",745,16.5933333333333,0.732400338892778,300,0.0422851532814319,16.5101191256298,16.6765475410369
"Petite",750,16.6166666666667,0.738154316435117,300,0.0426173593297299,16.5327987008245,16.7005346325089
"Petite",755,16.6233333333333,0.737066105380804,300,0.0425545314352156,16.5395890083688,16.7070776582979
"Petite",760,16.6333333333333,0.739851441896147,300,0.0427153429139073,16.5492725426887,16.7173941239779
"Petite",765,16.6433333333333,0.737973059361496,300,0.0426068944477052,16.5594859616429,16.7271807050237
"Petite",770,16.6533333333333,0.740484038265044,300,0.0427518658822944,16.5692006680557,16.737465998611
"Petite",775,16.6733333333333,0.749552077317464,300,0.0432754093610881,16.5881703713107,16.758496295356
"Petite",780,16.6933333333333,0.749105747067699,300,0.0432496404721032,16.6082210826719,16.7784455839948
"Petite",785,16.7066666666667,0.741025833902294,300,0.0427831464679957,16.6224724433963,16.790860889937
"Petite",790,16.7233333333333,0.754111731709496,300,0.0435386611301532,16.6376523103439,16.8090143563228
"Petite",795,16.7466666666667,0.74678052962051,300,0.0431153939801973,16.6618186036596,16.8315147296738
"Petite",800,16.7666666666667,0.748837821225139,300,0.0432341717663707,16.6815848573301,16.8517484760032
"Petite",805,16.7866666666667,0.745884285112744,300,0.0430636492794154,16.7019204335915,16.8714128997419
"Petite",810,16.7966666666667,0.746444564036397,300,0.0430959969981547,16.711856775556,16.8814765577773
"Petite",815,16.8166666666667,0.751624031350716,300,0.0433950336829727,16.7312682923918,16.9020650409415
"Petite",820,16.8266666666667,0.756215419987571,300,0.043660117629517,16.7407466258286,16.9125867075047
"Petite",825,16.8366666666667,0.756237532950483,300,0.043661394322026,16.7507441133876,16.9225892199458
"Petite",830,16.85,0.759003923917221,300,0.043821111978959,16.7637631336052,16.9362368663948
"Petite",835,16.86,0.763112794496165,300,0.0440583377324408,16.7732962900066,16.9467037099934
"Petite",840,16.8966666666667,0.775452541662043,300,0.044770773367236,16.8085609334503,16.9847723998831
"Petite",845,16.92,0.784635057789953,300,0.0453009261830647,16.8308509633282,17.0091490366718
"Petite",850,16.9366666666667,0.779753555670524,300,0.0450190925267945,16.8480722588088,17.0252610745246
"Petite",855,16.9566666666667,0.768172627848808,300,0.0443504673472611,16.8693880661371,17.0439452671963
"Petite",860,16.96,0.7661745306203,300,0.0442351071499865,16.8729484202252,17.0470515797748
"Petite",865,16.9766666666667,0.777692037531366,300,0.0449000707215363,16.8883064853506,17.0650268479827
"Petite",870,16.9866666666667,0.78007517575015,300,0.0450376612707494,16.8980357168266,17.0752976165067
"Petite",875,16.99,0.777978686160747,300,0.0449166203878698,16.9016072501046,17.0783927498954
"Petite",880,17.0066666666667,0.792917365630208,300,0.0457791054491729,16.91657660683,17.0967567265034
"Petite",885,17.0333333333333,0.796452558420738,300,0.0459832099000979,16.9428416102921,17.1238250563746
"Petite",890,17.0466666666667,0.791566472565965,300,0.0457011116017442,16.9567300932363,17.136603240097
"Petite",895,17.06,0.790664594927736,300,0.0456490416720235,16.9701658965292,17.1498341034708
"Petite",900,17.0733333333333,0.793760506299028,300,0.0458277841983837,16.9831474771418,17.1635191895249
"Petite",905,17.0833333333333,0.799072762532692,300,0.0461344874550347,16.9925439067034,17.1741227599632
"Petite",910,17.09,0.794146646609472,300,0.0458500780196017,16.9997702711362,17.1802297288638
"Petite",915,17.1033333333333,0.796725461136792,300,0.0459989659457556,17.0128106035023,17.1938560631643
"Petite",920,17.1133333333333,0.78477712718542,300,0.0453091285634363,17.0241681549538,17.2024985117128
"Petite",925,17.1233333333333,0.785394830017968,300,0.0453447916531014,17.0340979725016,17.2125686941651
"Petite",930,17.14,0.788970795649598,300,0.0455512501251049,17.0503583434158,17.2296416565842
"Petite",935,17.17,0.793641115829936,300,0.0458208911864368,17.0798277087712,17.2601722912288
"Petite",940,17.19,0.784826845398095,300,0.0453119990457835,17.1008291727131,17.2791708272869
"Petite",945,17.1966666666667,0.783177360595534,300,0.0452167659963052,17.1076832513233,17.28565008201
"Petite",950,17.2166666666667,0.790657544958766,300,0.0456486346418752,17.1268333642026,17.3064999691308
"Petite",955,17.2366666666667,0.780610914747524,300,0.0450685921761843,17.1479748469801,17.3253584863532
"Petite",960,17.25,0.767766164234361,300,0.0443270001595395,17.1627675812454,17.3372324187546
"Petite",965,17.2533333333333,0.768847173028425,300,0.0443894122313644,17.1659780920108,17.3406885746558
"Petite",970,17.27,0.765322849224529,300,0.0441859353016753,17.1830451869644,17.3569548130356
"Petite",975,17.28,0.768266954718459,300,0.0443559133116196,17.1927106821956,17.3672893178044
"Petite",980,17.28,0.768266954718459,300,0.0443559133116196,17.1927106821956,17.3672893178044
"Petite",985,17.3033333333333,0.76152607446881,300,0.0439667284089486,17.2168099040456,17.3898567626211
"Petite",990,17.3233333333333,0.757651420159995,300,0.0437430251381275,17.2372501363493,17.4094165303173
"Petite",995,17.3266666666667,0.754000848687604,300,0.0435322592958995,17.2409982420368,17.4123350912965
"Petite",1000,17.3333333333333,0.751067616198811,300,0.0433629090391994,17.2479981780981,17.4186684885686
"Petite",1005,17.35,0.750139340456381,300,0.043309315014222,17.2647703140366,17.4352296859634
"Petite",1010,17.3766666666667,0.754998209629689,300,0.0435898419567386,17.2908849234101,17.4624484099232
"Petite",1015,17.3966666666667,0.762403931481217,300,0.0440174115071909,17.3100434966062,17.4832898367271
"Petite",1020,17.41,0.755293471059263,300,0.0436068888833232,17.3241847095909,17.4958152904091
"Petite",1025,17.4366666666667,0.758004479886045,300,0.043763409050915,17.3505433555759,17.5227899777574
"Petite",1030,17.4566666666667,0.741589783446299,300,0.0428157061100997,17.3724083683106,17.5409249650227
"Petite",1035,17.48,0.728952150321401,300,0.0420860720214417,17.3971775702146,17.5628224297854
"Petite",1040,17.49,0.733731016117881,300,0.0423619799668436,17.4066346027829,17.5733653972171
"Petite",1045,17.5033333333333,0.729219738473129,300,0.0421015212305849,17.4204805005909,17.5861861660758
"Petite",1050,17.5133333333333,0.729105069862054,300,0.0420949008352378,17.4304935290633,17.5961731376034
"Petite",1055,17.53,0.737731313988227,300,0.0425929372720719,17.4461800950496,17.6138199049504
"Petite",1060,17.5433333333333,0.732514491659055,300,0.0422917438944657,17.4601061557669,17.6265605108998
"Petite",1065,17.57,0.730441750245475,300,0.0421720741131566,17.4870083241467,17.6529916758533
"Petite",1070,17.5766666666667,0.729769896997747,300,0.0421332846478135,17.493751325753,17.6595820075803
"Petite",1075,17.5833333333333,0.729036260038134,300,0.0420909280982015,17.5005013471304,17.6661653195363
"Petite",1080,17.5966666666667,0.736521396916574,300,0.0425230826773703,17.5129842306457,17.6803491026876
"Petite",1085,17.6133333333333,0.724964920536793,300,0.0418558692024953,17.5309639265052,17.6957027401615
"Petite",1090,17.6166666666667,0.724434196624985,300,0.0418252278431605,17.5343575598787,17.6989757734547
"Petite",1095,17.6366666666667,0.720916980795677,300,0.0416221612925756,17.5547571805684,17.718576152765
"Petite",1100,17.64,0.720274938216008,300,0.0415850929469553,17.5581634617988,17.7218365382012
"Petite",1105,17.65,0.7228936649578,300,0.0417362852058861,17.5678659260667,17.7321340739332
"Petite",1110,17.6566666666667,0.721473470603624,300,0.0416542902466176,17.5746939530465,17.7386393802869
"Petite",1115,17.6633333333333,0.724618840334776,300,0.0418358882527157,17.5810032476091,17.7456634190576
"Petite",1120,17.6666666666667,0.723856881460935,300,0.0417918965366234,17.5844231535457,17.7489101797876
"Petite",1125,17.6833333333333,0.724434196624985,300,0.0418252278431605,17.6010242265453,17.7656424401213
"Petite",1130,17.6933333333333,0.717172697343491,300,0.0414059849866715,17.6118492670012,17.7748173996655
"Petite",1135,17.7166666666667,0.715141229980682,300,0.0412886981637947,17.635413412553,17.7979199207803
"Petite",1140,17.7266666666667,0.716706203052456,300,0.041379051926221,17.6452356027032,17.8080977306301
"Petite",1145,17.73,0.715639901226465,300,0.0413174889615937,17.6486900876212,17.8113099123788
"Petite",1150,17.75,0.7228936649578,300,0.0417362852058861,17.6678659260667,17.8321340739333
"Petite",1155,17.7666666666667,0.716892837195558,300,0.041389827253497,17.685214397617,17.8481189357163
"Petite",1160,17.7766666666667,0.717755388845167,300,0.0414396266962061,17.6951163958162,17.8582169375171
"Petite",1165,17.7833333333333,0.719802710490163,300,0.0415578288664918,17.701550448925,17.8651162177417
"Petite",1170,17.7866666666667,0.723117245489718,300,0.041749193633915,17.7045071898549,17.8688261434784
"Petite",1175,17.7866666666667,0.723117245489718,300,0.041749193633915,17.7045071898549,17.8688261434784
"Petite",1180,17.7966666666667,0.723695150685684,300,0.0417825590059607,17.7144415291494,17.878891804184
"Petite",1185,17.8333333333333,0.735317069613582,300,0.0424535508081129,17.7497877311409,17.9168789355258
"Petite",1190,17.84,0.736801366842246,300,0.0425392467485655,17.7562857542238,17.9237142457762
"Petite",1195,17.8466666666667,0.733677835367304,300,0.0423589095747775,17.7633073117652,17.9300260215681
"Petite",1200,17.8566666666667,0.733427074174839,300,0.0423444318705803,17.7733358028688,17.9399975304645
"Petite",1205,17.8733333333333,0.734224653423281,300,0.0423904801299591,17.7899118497997,17.956754816867
"Petite",1210,17.8833333333333,0.738154316435117,300,0.0426173593297299,17.7994653674911,17.9672012991755
"Petite",1215,17.9,0.729227382406089,300,0.0421019625532602,17.8171462987655,17.9828537012345
"Petite",1220,17.9166666666667,0.738154316435117,300,0.0426173593297299,17.8327987008245,18.0005346325089
"Petite",1225,17.93,0.752987361484364,300,0.0434737455849383,17.844446726238,18.015553273762
"Petite",1230,17.9433333333333,0.749663618359056,300,0.043281849186127,17.8581576981879,18.0285089684787
"Petite",1235,17.9533333333333,0.752580103108103,300,0.043450232511622,17.8678263316459,18.0388403350208
"Petite",1240,17.96,0.752965153070931,300,0.043472463381591,17.874449249524,18.045550750476
"Petite",1245,17.9733333333333,0.749105747067699,300,0.0432496404721032,17.8882210826719,18.0584455839948
"Petite",1250,17.98,0.753764243724161,300,0.0435185989019659,17.8943584580647,18.0656415419353
"Petite",1255,17.9866666666667,0.753912130528096,300,0.0435271371505721,17.9010083220586,18.0723250112748
"Petite",1260,17.99,0.756178563612385,300,0.0436579897257035,17.904084146727,18.075915853273
"Petite",1265,18.0033333333333,0.756237532950483,300,0.043661394322026,17.9174107800542,18.0892558866124
"Petite",1270,18.0166666666667,0.756060611138158,300,0.0436511797364288,17.9307642149736,18.1025691183597
"Petite",1275,18.0433333333333,0.741589783446299,300,0.0428157061100997,17.9590750349773,18.1275916316894
"Petite",1280,18.0633333333333,0.744650187601673,300,0.0429923986263931,17.9787273165322,18.1479393501345
"Petite",1285,18.0766666666667,0.743391547030372,300,0.0429197309791278,17.9922036546845,18.1611296786488
"Petite",1290,18.0933333333333,0.752668978275588,300,0.0434553637218091,18.0078162337851,18.1788504328815
"Petite",1295,18.1033333333333,0.762403931481217,300,0.0440174115071909,18.0167101632729,18.1899565033938
"Petite",1300,18.1166666666667,0.76485657095694,300,0.0441590147133444,18.0297648314556,18.2035685018778
"Petite w/o Delay",1,0,0,300,0,0,0
"Petite w/o Delay",5,3.60666666666667,0.489305926650263,300,0.0282500908467609,3.55107247473553,3.66226085859781
"Petite w/o Delay",10,5.57333333333333,0.552848103588161,300,0.0319187001427599,5.51051957632439,5.63614709034228
"Petite w/o Delay",15,6.72,0.579701226241316,300,0.033469065901998,6.65413523221554,6.78586476778446
"Petite w/o Delay",20,7.55333333333333,0.633899295322944,300,0.0365981928793816,7.48131066373181,7.62535600293486
"Petite w/o Delay",25,8.20666666666667,0.631361714288876,300,0.0364516855700706,8.13493231314587,8.27840102018746
"Petite w/o Delay",30,8.70666666666667,0.607056241069662,300,0.0350484084194812,8.63769386388444,8.7756394694489
"Petite w/o Delay",35,9.17666666666667,0.658458386722888,300,0.0380161126824626,9.1018536306163,9.25147970271703
"Petite w/o Delay",40,9.52333333333333,0.695991068510973,300,0.0401830630758385,9.44425589131245,9.60241077535421
"Petite w/o Delay",45,9.88333333333333,0.729036260038134,300,0.0420909280982015,9.80050134713037,9.96616531953629
"Petite w/o Delay",50,10.2366666666667,0.731966396021866,300,0.0422600995780985,10.1535017628893,10.3198315704441
"Petite w/o Delay",55,10.5266666666667,0.728738009055171,300,0.0420737085696715,10.4438685672848,10.6094647660485
"Petite w/o Delay",60,10.7466666666667,0.710048909396156,300,0.0409946928977671,10.6659919942389,10.8273413390944
"Petite w/o Delay",65,10.9966666666667,0.710637442115182,300,0.0410286718501428,10.9159251260504,11.0774082072829
"Petite w/o Delay",70,11.2233333333333,0.717755388845167,300,0.0414396266962061,11.1417830624829,11.3048836041838
"Petite w/o Delay",75,11.42,0.724811127514308,300,0.0418469899582022,11.3376480669002,11.5023519330998
"Petite w/o Delay",80,11.5666666666667,0.726163388256184,300,0.0419250627685358,11.484161091767,11.6491722415663
"Petite w/o Delay",85,11.7333333333333,0.728462592072546,300,0.0420578073627657,11.6505665264083,11.8161001402584
"Petite w/o Delay",90,11.9033333333333,0.771994477831002,300,0.0445711219588633,11.8156205000469,11.9910461666197
"Petite w/o Delay",95,12.09,0.759708622193701,300,0.0438617977529213,12.0036830668635,12.1763169331365
"Petite w/o Delay",100,12.2566666666667,0.761174648184646,300,0.0439464388029724,12.1701831658965,12.3431501674368
"Petite w/o Delay",105,12.38,0.746631230246856,300,0.0431067741768403,12.2951689001597,12.4648310998403
"Petite w/o Delay",110,12.5233333333333,0.719616831029234,300,0.0415470971108114,12.4415715682654,12.6050950984013
"Petite w/o Delay",115,12.6466666666667,0.704848632121038,300,0.0406944547493021,12.5665828417991,12.7267504915343
"Petite w/o Delay",120,12.7866666666667,0.713807133827642,300,0.0412116740864864,12.70556499052,12.8677683428133
"Petite w/o Delay",125,12.9033333333333,0.731966396021866,300,0.0422600995780985,12.8201684295559,12.9864982371107
"Petite w/o Delay",130,12.9966666666667,0.738335529011183,300,0.0426278216426871,12.9127781117284,13.0805552216049
"Petite w/o Delay",135,13.1033333333333,0.74014521459272,300,0.042732303888452,13.0192391646837,13.1874275019829
"Petite w/o Delay",140,13.2166666666667,0.751624031350716,300,0.0433950336829727,13.1312682923918,13.3020650409415
"Petite w/o Delay",145,13.3033333333333,0.75269119542776,300,0.0434566464296878,13.2178137095063,13.3888529571604
"Petite w/o Delay",150,13.4,0.771568354556165,300,0.0445465197201199,13.3123355821892,13.4876644178108
"Petite w/o Delay",155,13.4766666666667,0.751446023328006,300,0.0433847563849898,13.3912885173915,13.5620448159419
"Petite w/o Delay",160,13.5733333333333,0.757099434730419,300,0.0437111562444921,13.4873128520906,13.659353814576
"Petite w/o Delay",165,13.6533333333333,0.7627328673781,300,0.0440364026300521,13.5666727900787,13.7399938765879
"Petite w/o Delay",170,13.7466666666667,0.773184931749516,300,0.0446398528478945,13.6588185758246,13.8345147575088
"Petite w/o Delay",175,13.83,0.810322203557693,300,0.0467839742354365,13.7379324290653,13.9220675709347
"Petite w/o Delay",180,13.9233333333333,0.799742154656949,300,0.0461731348273481,13.8324678513928,14.0141988152738
"Petite w/o Delay",185,14.0166666666667,0.80740027634565,300,0.0466152766891939,13.9249310806383,14.108402252695
"Petite w/o Delay",190,14.0933333333333,0.800055739418287,300,0.0461912396519853,14.0024322223713,14.1842344442954
"Petite w/o Delay",195,14.1633333333333,0.811696820236573,300,0.0468633377663948,14.0711095805514,14.2555570861153
"Petite w/o Delay",200,14.2366666666667,0.797564576110157,300,0.0460474122713309,14.1460485978742,14.3272847354591
"Petite w/o Delay",205,14.3166666666667,0.782151792799082,300,0.0451575548119698,14.2277997747697,14.4055335585636
"Petite w/o Delay",210,14.3766666666667,0.772514174230379,300,0.0446011266444711,14.2888947862693,14.4644385470641
"Petite w/o Delay",215,14.4666666666667,0.773011888754679,300,0.0446298622059295,14.3788382367053,14.554495096628
"Petite w/o Delay",220,14.5333333333333,0.790128618010312,300,0.045618097030268,14.4435601267412,14.6231065399255
"Petite w/o Delay",225,14.6,0.801336675953013,300,0.0462651945572992,14.5089533509856,14.6910466490144
"Petite w/o Delay",230,14.66,0.804086552521859,300,0.0464239587550253,14.5686409142105,14.7513590857895
"Petite w/o Delay",235,14.75,0.830541589027111,300,0.0479513409997982,14.655635133375,14.844364866625
"Petite w/o Delay",240,14.8266666666667,0.832023496795386,300,0.048036898984691,14.7321334279448,14.9211999053885
"Petite w/o Delay",245,14.8733333333333,0.807959291224797,300,0.0466475514282896,14.7815342328883,14.9651324337783
"Petite w/o Delay",250,14.94,0.803254250722863,300,0.0463759057882556,14.8487354790695,15.0312645209305
"Petite w/o Delay",255,14.9933333333333,0.797124150887835,300,0.0460219843092643,14.9027653049819,15.0839013616848
"Petite w/o Delay",260,15.03,0.811147253105585,300,0.0468316084932935,14.937838688196,15.122161311804
"Petite w/o Delay",265,15.0833333333333,0.80740027634565,300,0.0466152766891939,14.991597747305,15.1750689193617
"Petite w/o Delay",270,15.1333333333333,0.806882324655643,300,0.0465853727344286,15.0416565961848,15.2250100704819
"Petite w/o Delay",275,15.18,0.801920771072132,300,0.0462989173047248,15.0888869869904,15.2711130130096
"Petite w/o Delay",280,15.2366666666667,0.814165281689525,300,0.0470058544548295,15.1441624510652,15.3291708822681
"Petite w/o Delay",285,15.2933333333333,0.822319638287896,300,0.0474766464525432,15.1999026321916,15.386764034475
"Petite w/o Delay",290,15.3666666666667,0.825323827530658,300,0.0476500933993438,15.2728946341323,15.460438699201
"Petite w/o Delay",295,15.4133333333333,0.831540993357716,300,0.0480090416357286,15.318854915915,15.5078117507517
"Petite w/o Delay",300,15.4433333333333,0.838131116303375,300,0.0483895225613955,15.3481061562128,15.5385605104538
"Petite w/o Delay",305,15.5,0.844022856289923,300,0.0487296823281184,15.4041034123824,15.5958965876176
"Petite w/o Delay",310,15.54,0.843071308235093,300,0.0486747446755581,15.4442115258188,15.6357884741812
"Petite w/o Delay",315,15.5833333333333,0.839885058760216,300,0.0484907864763555,15.4879068759502,15.6787597907165
"Petite w/o Delay",320,15.6333333333333,0.853218707462964,300,0.0492606050431367,15.5363919271528,15.7302747395138
"Petite w/o Delay",325,15.6733333333333,0.861643965510053,300,0.0497470375432845,15.5754346622038,15.7712320044629
"Petite w/o Delay",330,15.7133333333333,0.864279363564332,300,0.0498991923208905,15.6151352323026,15.811531434364
"Petite w/o Delay",335,15.7566666666667,0.864066505140997,300,0.0498869029340894,15.6584927502849,15.8548405830485
"Petite w/o Delay",340,15.7933333333333,0.867832163748851,300,0.0501043133351814,15.6947315685729,15.8919350980938
"Petite w/o Delay",345,15.8266666666667,0.871293711286065,300,0.0503041658754238,15.7276716061628,15.9256617271705
"Petite w/o Delay",350,15.8733333333333,0.836433475389043,300,0.0482915092175078,15.7782990395802,15.9683676270864
"Petite w/o Delay",355,15.9233333333333,0.820385476461433,300,0.0473649775674267,15.8301223887038,16.0165442779629
"Petite w/o Delay",360,15.9533333333333,0.828720790970545,300,0.0478462171749883,15.8591753430021,16.0474913236646
"Petite w/o Delay",365,16,0.825998939158906,300,0.047689070987374,15.9061512623138,16.0938487376862
"Petite w/o Delay",370,16.04,0.825026603402018,300,0.0476329331562758,15.9462617376171,16.1337382623829
"Petite w/o Delay",375,16.0766666666667,0.824452116984094,300,0.0475997651674723,15.982993676553,16.1703396567803
"Petite w/o Delay",380,16.11,0.832793582168878,300,0.0480813598844595,16.0153792653543,16.2046207346457
"Petite w/o Delay",385,16.13,0.833917298178104,300,0.0481462376585014,16.0352515904579,16.2247484095421
"Petite w/o Delay",390,16.18,0.846555088812682,300,0.048875880840985,16.0838157039913,16.2761842960087
"Petite w/o Delay",395,16.2233333333333,0.846074284290302,300,0.0488481215789426,16.1272036656,16.3194630010667
"Petite w/o Delay",400,16.2466666666667,0.853375486695745,300,0.0492696566963616,16.1497074474692,16.3436258858641
"Petite w/o Delay",405,16.3066666666667,0.853453865512023,300,0.0492741818994293,16.2096985421878,16.4036347911455
"Petite w/o Delay",410,16.36,0.84426057573029,300,0.0487434070664072,16.2640764030627,16.4559235969373
"Petite w/o Delay",415,16.4133333333333,0.827509190537262,300,0.0477762653913577,16.3193130031925,16.5073536634741
"Petite w/o Delay",420,16.4666666666667,0.831380096650087,300,0.0479997522599825,16.3722065300864,16.5611268032469
"Petite w/o Delay",425,16.51,0.831989998653549,300,0.0480349649685703,16.4154705672858,16.6045294327142
"Petite w/o Delay",430,16.55,0.826504910991445,300,0.0477182832847458,16.4560937745671,16.6439062254329
"Petite w/o Delay",435,16.5833333333333,0.83589350321554,300,0.0482603339095352,16.4883603903937,16.6783062762729
"Petite w/o Delay",440,16.6233333333333,0.84290599948558,300,0.048665200570455,16.5275636412797,16.719103025387
"Petite w/o Delay",445,16.6433333333333,0.839725760829226,300,0.0484815894060217,16.5479249751378,16.7387416915289
"Petite w/o Delay",450,16.67,0.858422758381337,300,0.0495610610629966,16.5724673175038,16.7675326824962
"Petite w/o Delay",455,16.7066666666667,0.842409878602719,300,0.0486365570179279,16.6109533431099,16.8023799902235
"Petite w/o Delay",460,16.7366666666667,0.842429729047771,300,0.0486377030839074,16.6409510877326,16.8323822456007
"Petite w/o Delay",465,16.7666666666667,0.849289820705552,300,0.049033770660436,16.6701716545978,16.8631616787355
"Petite w/o Delay",470,16.7866666666667,0.85455041411049,300,0.0493374911622798,16.6895739540111,16.8837593793222
"Petite w/o Delay",475,16.8133333333333,0.856895435968025,300,0.0494728810623501,16.7159741828766,16.9106924837901
"Petite w/o Delay",480,16.8433333333333,0.853159907823036,300,0.0492572102443426,16.7463986078781,16.9402680587886
"Petite w/o Delay",485,16.8733333333333,0.848344180379344,300,0.0489791740907467,16.7769457634738,16.9697209031928
"Petite w/o Delay",490,16.8933333333333,0.847160645580453,300,0.0489108426772732,16.7970802348897,16.9895864317769
"Petite w/o Delay",495,16.9166666666667,0.843857733945334,300,0.0487201489851086,16.8207888399976,17.0125444933358
"Petite w/o Delay",500,16.9466666666667,0.852198939409097,300,0.0492017287070955,16.8498411249747,17.0434922083587
"Petite w/o Delay",505,16.9666666666667,0.853218707462964,300,0.0492606050431367,16.8697252604861,17.0636080728472
"Petite w/o Delay",510,16.9933333333333,0.849919663066917,300,0.049070134626124,16.8967667595375,17.0898999071291
"Petite w/o Delay",515,17.0233333333333,0.871005774427381,300,0.0502875418331367,16.9243709877755,17.1222956788911
"Petite w/o Delay",520,17.07,0.849020683141075,300,0.049018231995906,16.9735355669301,17.1664644330699
"Petite w/o Delay",525,17.1166666666667,0.847811794179614,300,0.048948436759174,17.0203395857139,17.2129937476194
"Petite w/o Delay",530,17.1433333333333,0.859409197910829,300,0.0496180131757857,17.0456885730846,17.2409780935821
"Petite w/o Delay",535,17.1733333333333,0.855801892077737,300,0.0494097452764073,17.0760984296629,17.2705682370038
"Petite w/o Delay",540,17.1933333333333,0.851492230705637,300,0.0491609268610775,17.0965880868047,17.290078579862
"Petite w/o Delay",545,17.2366666666667,0.846390460481569,300,0.0488663760198565,17.1405010754775,17.3328322578559
"Petite w/o Delay",550,17.2533333333333,0.847476416472545,300,0.0489290737182283,17.1570443574833,17.3496223091833
"Petite w/o Delay",555,17.28,0.854811289781039,300,0.0493525528261414,17.1828776470493,17.3771223529507
"Petite w/o Delay",560,17.29,0.845547061242554,300,0.0488176823420886,17.193930234544,17.386069765456
"Petite w/o Delay",565,17.31,0.850280300035678,300,0.0490909560112234,17.2133924511827,17.4066075488173
"Petite w/o Delay",570,17.3366666666667,0.867465972204095,300,0.0500831712564875,17.2381065080301,17.4352268253032
"Petite w/o Delay",575,17.3533333333333,0.86659805920022,300,0.0500330622758454,17.2548717856465,17.4517948810202
"Petite w/o Delay",580,17.38,0.862988507385584,300,0.049824664704662,17.2819485640764,17.4780514359236
"Petite w/o Delay",585,17.41,0.866643083462686,300,0.0500356617528509,17.3115333367252,17.5084666632748
"Petite w/o Delay",590,17.4366666666667,0.872846928978374,300,0.0503938409407002,17.3374951319413,17.535838201392
"Petite w/o Delay",595,17.4633333333333,0.88199505278242,300,0.0509220081147848,17.3631224027558,17.5635442639108
"Petite w/o Delay",600,17.48,0.886313623648471,300,0.0511713409199877,17.3792983999977,17.5807016000023
"Petite w/o Delay",605,17.5133333333333,0.88265839467743,300,0.0509603061769497,17.413047034863,17.6136196318036
"Petite w/o Delay",610,17.5366666666667,0.885778886824114,300,0.0511404678750389,17.4360258226455,17.6373075106879
"Petite w/o Delay",615,17.5666666666667,0.910119009209953,300,0.0525457454961962,17.4632603351215,17.6700729982118
"Petite w/o Delay",620,17.5833333333333,0.91971470541326,300,0.0530997532748003,17.4788367534438,17.6878299132229
"Petite w/o Delay",625,17.61,0.938528699828267,300,0.054185979748804,17.5033658028049,17.7166341971951
"Petite w/o Delay",630,17.6433333333333,0.937577941761902,300,0.0541310877062489,17.5368071598174,17.7498595068493
"Petite w/o Delay",635,17.66,0.945540492386484,300,0.0545908057809028,17.5525691336456,17.7674308663544
"Petite w/o Delay",640,17.6766666666667,0.939003717864187,300,0.0542134049278947,17.569978498648,17.7833548346853
"Petite w/o Delay",645,17.7233333333333,0.943268115657265,300,0.0544596100492713,17.6161606509516,17.830506015715
"Petite w/o Delay",650,17.75,0.943646240613901,300,0.0544814411038214,17.6427843556383,17.8572156443617
"Petite w/o Delay",655,17.7633333333333,0.947089656940232,300,0.0546802468381153,17.6557264532688,17.8709402133979
"Petite w/o Delay",660,17.78,0.956372746073119,300,0.0552162062390937,17.6713383895288,17.8886616104712
"Petite w/o Delay",665,17.8066666666667,0.958654761664714,300,0.0553479584707039,17.69774577707,17.9155875562634
"Petite w/o Delay",670,17.8433333333333,0.939003717864187,300,0.0542134049278947,17.7366451653147,17.950021501352
"Petite w/o Delay",675,17.8566666666667,0.94113833206877,300,0.054336646936458,17.7497359670429,17.9635973662905
"Petite w/o Delay",680,17.8866666666667,0.950526463289477,300,0.0548786709452042,17.7786693019147,17.9946640314186
"Petite w/o Delay",685,17.92,0.925448458585527,300,0.0534307916685478,17.8148519598338,18.0251480401662
"Petite w/o Delay",690,17.9533333333333,0.942044078431532,300,0.0543889402270938,17.8462997241914,18.0603669424753
"Petite w/o Delay",695,18,0.936084494371105,300,0.0540448634809392,17.8936435096953,18.1063564903047
"Petite w/o Delay",700,18.01,0.930655898459679,300,0.0537314433498609,17.9042602984701,18.1157397015299
"Petite w/o Delay",705,18.0366666666667,0.937149785943101,300,0.0541063681185249,17.9301891395608,18.1431441937725
"Petite w/o Delay",710,18.0566666666667,0.950332922947012,300,0.0548674968883221,17.9486912916728,18.1646420416606
"Petite w/o Delay",715,18.0766666666667,0.941848795046916,300,0.0543776655356261,17.9696552453246,18.1836780880088
"Petite w/o Delay",720,18.0933333333333,0.927806538093648,300,0.0535669354524262,17.9879173717756,18.1987492948911
"Petite w/o Delay",725,18.11,0.931374357592012,300,0.0537729236072063,18.004178668241,18.215821331759
"Petite w/o Delay",730,18.1266666666667,0.941760016485654,300,0.0543725399030019,18.0196653322091,18.2336680011242
"Petite w/o Delay",735,18.1566666666667,0.928257018573336,300,0.0535929439550475,18.051199522205,18.2621338111284
"Petite w/o Delay",740,18.1733333333333,0.930685845330142,300,0.0537331723332332,18.0675902292857,18.2790764373809
"Petite w/o Delay",745,18.1833333333333,0.934147200496907,300,0.0539330137669625,18.0771969553992,18.2894697112675
"Petite w/o Delay",750,18.1866666666667,0.931691500657207,300,0.0537912338706125,18.080809301597,18.2925240317363
"Petite w/o Delay",755,18.1966666666667,0.93142223516302,300,0.0537756878200572,18.0908398951312,18.3024934382022
"Petite w/o Delay",760,18.2166666666667,0.926959042123655,300,0.053518005249785,18.1113469963064,18.3219863370269
"Petite w/o Delay",765,18.23,0.930943348649449,300,0.0537480392943051,18.1242276388186,18.3357723611814
"Petite w/o Delay",770,18.2533333333333,0.926652310147606,300,0.0535002960708909,18.1480485133916,18.358618153275
"Petite w/o Delay",775,18.2766666666667,0.9289773329704,300,0.0536345313261521,18.1711176811835,18.3822156521498
"Petite w/o Delay",780,18.31,0.929217313685831,300,0.0536483866192175,18.2044237482745,18.4155762517255
"Petite w/o Delay",785,18.32,0.927614266505615,300,0.0535558346471154,18.2146058840464,18.4253941159536
"Petite w/o Delay",790,18.33,0.929505208759138,300,0.0536650082490247,18.2243910380761,18.4356089619239
"Petite w/o Delay",795,18.3466666666667,0.925207500303372,300,0.0534168799356413,18.2415460038124,18.4517873295209
"Petite w/o Delay",800,18.3766666666667,0.936864240024318,300,0.0540898821172174,18.2702215828519,18.4831117504814
"Petite w/o Delay",805,18.3933333333333,0.935345815659532,300,0.0540022158456421,18.2870607705754,18.4996058960913
"Petite w/o Delay",810,18.4233333333333,0.941848795046916,300,0.0543776655356261,18.3163219119912,18.5303447546754
"Petite w/o Delay",815,18.4466666666667,0.954038532043808,300,0.0550814403292768,18.3382702660278,18.5550630673055
"Petite w/o Delay",820,18.4733333333333,0.941049486482469,300,0.0543315174341413,18.3664127282093,18.5802539384573
"Petite w/o Delay",825,18.4866666666667,0.944880000992971,300,0.0545526722925186,18.3793108443354,18.5940224889979
"Petite w/o Delay",830,18.5133333333333,0.930613971222046,300,0.0537290226796675,18.4075983955121,18.6190682711546
"Petite w/o Delay",835,18.5333333333333,0.922891099839393,300,0.0532831424924983,18.4284758563613,18.6381908103054
"Petite w/o Delay",840,18.56,0.935941569796736,300,0.0540366117267906,18.4536597485671,18.6663402514329
"Petite w/o Delay",845,18.5766666666667,0.931134932810073,300,0.053759100410976,18.4708725379856,18.6824607953477
"Petite w/o Delay",850,18.6033333333333,0.924936347202775,300,0.0534012249040791,18.4982434784801,18.7084231881865
"Petite w/o Delay",855,18.6133333333333,0.930973286273424,300,0.0537497677438312,18.5075575706849,18.7191090959818
"Petite w/o Delay",860,18.6266666666667,0.929247306917594,300,0.0536501182792608,18.521087007156,18.7322463261773
"Petite w/o Delay",865,18.67,0.911336994232571,300,0.0526160658942639,18.5664552828572,18.7735447171428
"Petite w/o Delay",870,18.6833333333333,0.92334397846312,300,0.0533092894520302,18.5784244009839,18.7882422656828
"Petite w/o Delay",875,18.7066666666667,0.929247306917594,300,0.0536501182792608,18.601087007156,18.8122463261773
"Petite w/o Delay",880,18.7166666666667,0.930560061997885,300,0.0537259102291594,18.6109378539291,18.8223954794042
"Petite w/o Delay",885,18.74,0.924797727138427,300,0.0533932216709325,18.6349258949468,18.8450741050532
"Petite w/o Delay",890,18.7633333333333,0.914755786746848,300,0.0528134499721061,18.6594001782075,18.8672664884592
"Petite w/o Delay",895,18.77,0.912803758943365,300,0.0527007495943254,18.6662886312913,18.8737113687087
"Petite w/o Delay",900,18.79,0.89921928233649,300,0.0519164494717475,18.687832078772,18.892167921228
"Petite w/o Delay",905,18.81,0.888744181829499,300,0.0513116692619975,18.70902224369,18.91097775631
"Petite w/o Delay",910,18.82,0.892705481624862,300,0.0515403750123169,18.7185721668585,18.9214278331415
"Petite w/o Delay",915,18.8333333333333,0.895299256161032,300,0.0516901266549843,18.7316107994912,18.9350558671754
"Petite w/o Delay",920,18.84,0.903948973017503,300,0.0521895182905341,18.7372946985418,18.9427053014582
"Petite w/o Delay",925,18.8633333333333,0.898524741595775,300,0.051876350143386,18.7612443247633,18.9654223419033
"Petite w/o Delay",930,18.88,0.910143507373083,300,0.052547159898304,18.776590885011,18.983409114989
"Petite w/o Delay",935,18.8933333333333,0.915468457792475,300,0.0528545960541097,18.789319205612,18.9973474610547
"Petite w/o Delay",940,18.91,0.91177727140028,300,0.0526414853083934,18.8064052592379,19.0135947407621
"Petite w/o Delay",945,18.9166666666667,0.912412852239596,300,0.0526781805852605,18.8129997121805,19.0203336211528
"Petite w/o Delay",950,18.9366666666667,0.917676043032293,300,0.0529820510473565,18.8324017164826,19.0409316168507
"Petite w/o Delay",955,18.9433333333333,0.914463248211752,300,0.0527965602519075,18.839433415989,19.0472332506777
"Petite w/o Delay",960,18.95,0.907512311386311,300,0.0523952477271786,18.8468898374796,19.0531101625204
"Petite w/o Delay",965,18.96,0.909849485880232,300,0.0525301845594994,18.8566242912839,19.0633757087161
"Petite w/o Delay",970,18.9833333333333,0.897630970994866,300,0.0518247482736831,18.8813458736137,19.085320793053
"Petite w/o Delay",975,18.9933333333333,0.892155832231963,300,0.0515086409898219,18.8919679505162,19.0946987161505
"Petite w/o Delay",980,19.0166666666667,0.8826015563358,300,0.0509570246137657,18.9163868260819,19.1169465072514
"Petite w/o Delay",985,19.03,0.882247813266419,300,0.0509366012481326,18.9297603511624,19.1302396488376
"Petite w/o Delay",990,19.0333333333333,0.887796616157717,300,0.0512569615324297,18.9324632379875,19.1342034286792
"Petite w/o Delay",995,19.05,0.885124181148336,300,0.0511026684252239,18.9494335426376,19.1505664573624
"Petite w/o Delay",1000,19.06,0.878810384729091,300,0.0507381412189979,18.9601509065419,19.1598490934581
"Petite w/o Delay",1005,19.0733333333333,0.877794946889556,300,0.0506795148879978,18.9735996123714,19.1730670542953
"Petite w/o Delay",1010,19.09,0.881944491992847,300,0.0509190889862378,18.9897948140622,19.1902051859378
"Petite w/o Delay",1015,19.1066666666667,0.881976092825997,300,0.0509209134611903,19.0064578902905,19.2068754430429
"Petite w/o Delay",1020,19.1233333333333,0.885476775125418,300,0.0511230254479822,19.0227268147819,19.2239398518848
"Petite w/o Delay",1025,19.15,0.888894695261601,300,0.0513203591590515,19.0490051425838,19.2509948574162
"Petite w/o Delay",1030,19.1566666666667,0.883964667847211,300,0.0510357238935705,19.0562319514343,19.2571013818991
"Petite w/o Delay",1035,19.1766666666667,0.898971293671293,300,0.0519021318394867,19.074526921532,19.2788064118013
"Petite w/o Delay",1040,19.19,0.896238889558577,300,0.0517443764144855,19.0881707064466,19.2918292935534
"Petite w/o Delay",1045,19.2066666666667,0.905550824936975,300,0.052282001254225,19.1037793652403,19.309553968093
"Petite w/o Delay",1050,19.22,0.894950532068392,300,0.0516699930601085,19.1183170876566,19.3216829123434
"Petite w/o Delay",1055,19.2266666666667,0.889527826848613,300,0.0513569130282709,19.1255998738067,19.3277334595266
"Petite w/o Delay",1060,19.2366666666667,0.888794355805621,300,0.0513145660578595,19.1356832096662,19.3376501236672
"Petite w/o Delay",1065,19.2533333333333,0.878480496176645,300,0.0507190950945422,19.1535217213086,19.353144945358
"Petite w/o Delay",1070,19.27,0.863860046883757,300,0.04987498306105,19.17184954109,19.36815045891
"Petite w/o Delay",1075,19.2833333333333,0.871159352595304,300,0.0502964086727959,19.1843535384587,19.382313128208
"Petite w/o Delay",1080,19.2933333333333,0.881217360061904,300,0.0508771080046311,19.1932107630148,19.3934559036519
"Petite w/o Delay",1085,19.3066666666667,0.880457973461726,300,0.050833264798828,19.2066303766936,19.4067029566398
"Petite w/o Delay",1090,19.3166666666667,0.890147984139593,300,0.0513927178261597,19.2155294124826,19.4178039208507
"Petite w/o Delay",1095,19.3533333333333,0.885684487988301,300,0.0511350177557122,19.2527032147637,19.453963451903
"Petite w/o Delay",1100,19.3733333333333,0.885004519132627,300,0.0510957597355258,19.2727804717863,19.4738861948803
"Petite w/o Delay",1105,19.3766666666667,0.8816916445537,300,0.0509044908325323,19.2764902088686,19.4768431244647
"Petite w/o Delay",1110,19.3933333333333,0.883870075249729,300,0.0510302625874086,19.2929093655674,19.4937573010993
"Petite w/o Delay",1115,19.41,0.893248552525348,300,0.0515717292253753,19.3085104639724,19.5114895360276
"Petite w/o Delay",1120,19.43,0.895043953630081,300,0.0516753867564874,19.3283064732415,19.5316935267585
"Petite w/o Delay",1125,19.4433333333333,0.89971505460739,300,0.0519450728971536,19.3411090832172,19.5455575834494
"Petite w/o Delay",1130,19.45,0.90381946875857,300,0.0521820413586585,19.3473094126179,19.5526905873821
"Petite w/o Delay",1135,19.4566666666667,0.904164772229057,300,0.0522019774638223,19.3539368464317,19.5593964869016
"Petite w/o Delay",1140,19.4733333333333,0.897388754933162,300,0.0518107639228404,19.3713733938326,19.575293272834
"Petite w/o Delay",1145,19.4866666666667,0.893953427940541,300,0.051612425226446,19.3850970437711,19.5882362895622
"Petite w/o Delay",1150,19.4966666666667,0.890298260245526,300,0.051401394021181,19.395512338341,19.5978209949923
"Petite w/o Delay",1155,19.5033333333333,0.894046953692541,300,0.0516178249382553,19.4017530841847,19.604913582482
"Petite w/o Delay",1160,19.5133333333333,0.905107519004649,300,0.0522564069742888,19.4104963996499,19.6161702670168
"Petite w/o Delay",1165,19.52,0.908672448536378,300,0.0524622282767674,19.4167580244689,19.6232419755311
"Petite w/o Delay",1170,19.5266666666667,0.908500669847082,300,0.0524523106295168,19.4234442083678,19.6298891249655
"Petite w/o Delay",1175,19.54,0.911685564524235,300,0.0526361906094363,19.4364156788331,19.6435843211669
"Petite w/o Delay",1180,19.55,0.914853278804383,300,0.0528190786786722,19.4460557679755,19.6539442320245
"Petite w/o Delay",1185,19.57,0.920829203166734,300,0.0531640988325982,19.4653767925782,19.6746232074218
"Petite w/o Delay",1190,19.5766666666667,0.927536144788179,300,0.0535513242876563,19.4712814267832,19.6820519065501
"Petite w/o Delay",1195,19.5966666666667,0.929265302391978,300,0.0536511572484587,19.4910849625377,19.7022483707956
"Petite w/o Delay",1200,19.6,0.932504808240314,300,0.0538381902058165,19.4940502281652,19.7059497718348
"Petite w/o Delay",1205,19.6233333333333,0.929697089279588,300,0.0536760864760382,19.5177025702378,19.7289640964289
"Petite w/o Delay",1210,19.63,0.932379270296659,300,0.0538309422692603,19.5240644915946,19.7359355084054
"Petite w/o Delay",1215,19.6433333333333,0.92319908147467,300,0.0533009238205016,19.5384408639584,19.7482258027083
"Petite w/o Delay",1220,19.65,0.922135807872428,300,0.0532395356904539,19.5452283381475,19.7547716618525
"Petite w/o Delay",1225,19.6633333333333,0.930703812989898,300,0.0537342096965529,19.5575881878277,19.769078478839
"Petite w/o Delay",1230,19.6833333333333,0.92334397846312,300,0.0533092894520302,19.5784244009839,19.7882422656828
"Petite w/o Delay",1235,19.69,0.921990721011935,300,0.0532311590966578,19.5852448226949,19.7947551773051
"Petite w/o Delay",1240,19.7033333333333,0.929984835828948,300,0.0536926995308113,19.5976698769144,19.8089967897522
"Petite w/o Delay",1245,19.7233333333333,0.939715794698006,300,0.0542545167030637,19.6165642602326,19.8301024064341
"Petite w/o Delay",1250,19.7333333333333,0.944384329299771,300,0.0545240546739687,19.6260338284627,19.840632838204
"Petite w/o Delay",1255,19.74,0.949775541165026,300,0.054835316436135,19.6320879538727,19.8479120461273
"Petite w/o Delay",1260,19.7433333333333,0.94892416933743,300,0.0547861624607507,19.6355180187726,19.8511486478941
"Petite w/o Delay",1265,19.7533333333333,0.946294775194684,300,0.0546343543191387,19.6458167665185,19.8608499001482
"Petite w/o Delay",1270,19.76,0.948013236716643,300,0.0547335697413682,19.6522881842121,19.8677118157879
"Petite w/o Delay",1275,19.77,0.945204407119147,300,0.054571401888946,19.6626073191402,19.8773926808598
"Petite w/o Delay",1280,19.7866666666667,0.940267283330949,300,0.0542863569141322,19.6798349342699,19.8934983990635
"Petite w/o Delay",1285,19.7966666666667,0.933574184563014,300,0.0538999306765942,19.6905953939276,19.9027379394057
"Petite w/o Delay",1290,19.82,0.936584558623248,300,0.0540737347039979,19.7135866931588,19.9264133068412
"Petite w/o Delay",1295,19.8333333333333,0.93905714235659,300,0.0542164893924018,19.7266390953054,19.9400275713612
"Petite w/o Delay",1300,19.8533333333333,0.928094870789714,300,0.0535835823483952,19.7478846118551,19.9587820548116
"Grande",1,0,0,300,0,0,0
"Grande",5,3.55333333333333,0.497978074582377,300,0.0287507775410667,3.49675382520156,3.60991284146511
"Grande",10,5.51666666666667,0.526605418167817,300,0.0304035779935904,5.45683456348733,5.57649876984601
"Grande",15,6.74666666666667,0.450739513747204,300,0.0260234579596349,6.69545433165622,6.79787900167712
"Grande",20,7.46666666666667,0.538381902058165,300,0.0310834936080105,7.40549653737725,7.52783679595608
"Grande",25,8.11666666666667,0.630646179911005,300,0.0364103741735028,8.04501361106885,8.18831972226449
"Grande",30,8.75333333333333,0.454434363641678,300,0.0262367802177539,8.70170119512206,8.80496547154461
"Grande",35,9.20333333333333,0.450182670715192,300,0.0259913086121921,9.15218426597756,9.25448240068911
"Grande",40,9.43666666666667,0.54188037118705,300,0.0312854778173417,9.37509904665903,9.49823428667431
"Grande",45,9.80333333333333,0.610380293394292,300,0.0352403226699237,9.73398285680374,9.87268380986292
"Grande",50,10.13,0.664257072370314,300,0.0383508999544113,10.0545281261443,10.2054718738557
"Grande",55,10.4333333333333,0.616567981497782,300,0.0355975690091449,10.3632798211336,10.503386845533
"Grande",60,10.71,0.503399812512339,300,0.0290638017264006,10.6528044822868,10.7671955177132
"Grande",65,11.01,0.396346188329527,300,0.0228830578524334,10.9649677515332,11.0550322484668
"Grande",70,11.1566666666667,0.446602434690101,300,0.0257846035889072,11.105924380259,11.2074089530744
"Grande",75,11.3,0.500835422470633,300,0.028915746598312,11.243095844366,11.356904155634
"Grande",80,11.46,0.55626561832194,300,0.0321160104479106,11.3967979501875,11.5232020498125
"Grande",85,11.6266666666667,0.617976703641029,300,0.0356789016200066,11.556453097609,11.6968802357244
"Grande",90,11.79,0.653700554318045,300,0.0377414191004931,11.7157275415995,11.8642724584005
"Grande",95,11.9833333333333,0.67669437202674,300,0.0390689677848743,11.9064483524897,12.060218314177
"Grande",100,12.1466666666667,0.647988053346527,300,0.0374116077031279,12.0730432539002,12.2202900794331
"Grande",105,12.27,0.641721138865543,300,0.0370497872268694,12.1970886244837,12.3429113755163
"Grande",110,12.43,0.610745473536084,300,0.0352614063552404,12.3606080322605,12.4993919677395
"Grande",115,12.6,0.584069451132157,300,0.0337212654836588,12.5336389211763,12.6663610788237
"Grande",120,12.76,0.513105829213861,300,0.0296241788619389,12.7017016994959,12.8182983005041
"Grande",125,12.8866666666667,0.46318176422573,300,0.0267418116259451,12.8340406621634,12.9392926711699
"Grande",130,13.0066666666667,0.40887588236467,300,0.0236064600748388,12.9602108135038,13.0531225198296
"Grande",135,13.0666666666667,0.442955514147793,300,0.0255740485332257,13.0163387378,13.1169945955333
"Grande",140,13.1266666666667,0.459702778292804,300,0.0265409522794569,13.0744359392307,13.1788973941027
"Grande",145,13.2466666666667,0.489852433812397,300,0.0282816434524781,13.1910103814266,13.3023229519067
"Grande",150,13.33,0.531074508689001,300,0.0306616010551343,13.2696601255825,13.3903398744175
"Grande",155,13.4,0.536307204930346,300,0.0309637109134871,13.339065594629,13.460934405371
"Grande",160,13.4833333333333,0.563424392184005,300,0.0325293224495436,13.4193179145703,13.5473487520964
"Grande",165,13.5566666666667,0.566738797953615,300,0.0327206797558725,13.4922746701831,13.6210586631502
"Grande",170,13.6366666666667,0.593714757212582,300,0.0342781374898538,13.5692097029001,13.7041236304333
"Grande",175,13.73,0.646911882158298,300,0.0373494749306061,13.65649886016,13.80350113984
"Grande",180,13.8133333333333,0.673300329224139,300,0.038873012632302,13.7368339784483,13.8898326882184
"Grande",185,13.9166666666667,0.691362540759023,300,0.0399158349014845,13.8381151108985,13.9952182224348
"Grande",190,13.9866666666667,0.684141105618482,300,0.0394989051492519,13.9089355993278,14.0643977340055
"Grande",195,14.07,0.66324932382313,300,0.0382927175649121,13.9946426249949,14.1453573750051
"Grande",200,14.1766666666667,0.668539732152931,300,0.0385981594322455,14.1007082035486,14.2526251297847
"Grande",205,14.25,0.660014188557329,300,0.0381059369432546,14.1750101961218,14.3249898038782
"Grande",210,14.3166666666667,0.661701128532026,300,0.0382033324681045,14.2414851952455,14.3918481380878
"Grande",215,14.39,0.631847109062603,300,0.0364797098503981,14.3182104966665,14.4617895033335
"Grande",220,14.45,0.607230678564552,300,0.0350584795729443,14.3810073778961,14.5189926221039
"Grande",225,14.5133333333333,0.603630783369265,300,0.034850639526939,14.4447497258224,14.5819169408443
"Grande",230,14.6033333333333,0.589191006689201,300,0.0340169586316117,14.5363903511908,14.6702763154759
"Grande",235,14.6733333333333,0.560657362223077,300,0.0323695679002639,14.6096323002876,14.7370343663791
"Grande",240,14.74,0.535433434901765,300,0.030913263777366,14.6791648710449,14.8008351289551
"Grande",245,14.8066666666667,0.500122615957523,300,0.0288745926950896,14.7498434990198,14.8634898343135
"Grande",250,14.8533333333333,0.468208950105347,300,0.0270320563380314,14.8001361476499,14.9065305190168
"Grande",255,14.9166666666667,0.458719559574995,300,0.026484186120317,14.8645476510394,14.9687856822939
"Grande",260,14.9533333333333,0.460284435351641,300,0.0265745342654065,14.9010365189108,15.0056301477558
"Grande",265,15.01,0.473265182651722,300,0.0273239780602049,14.9562283328984,15.0637716671016
"Grande",270,15.07,0.502601925635163,300,0.0290177357060686,15.0128951369749,15.1271048630251
"Grande",275,15.1233333333333,0.505609558494522,300,0.029191381470166,15.0658867476572,15.1807799190095
"Grande",280,15.1566666666667,0.516084650787203,300,0.0297961612056626,15.0980299170058,15.2153034163276
"Grande",285,15.19,0.536837014309847,300,0.0309942994722745,15.1290053984966,15.2509946015034
"Grande",290,15.23,0.545979528448595,300,0.0315221427721821,15.1679666400061,15.2920333599939
"Grande",295,15.28,0.543985047994402,300,0.0314069913894699,15.2181932498286,15.3418067501714
"Grande",300,15.3233333333333,0.553603780733444,300,0.0319623291830849,15.2604337174415,15.3862329492252
"Grande",305,15.36,0.564027561650141,300,0.0325641464549077,15.2959160500436,15.4240839499564
"Grande",310,15.4133333333333,0.597505031861004,300,0.0344969690987107,15.3454457243511,15.4812209423155
"Grande",315,15.46,0.596870321428371,300,0.0344603240747968,15.3921845058476,15.5278154941524
"Grande",320,15.5166666666667,0.614530483055346,300,0.0354799339817234,15.4468446519275,15.5864886814058
"Grande",325,15.54,0.624258757772383,300,0.0360415961843867,15.4690726735483,15.6109273264517
"Grande",330,15.5733333333333,0.626576050755338,300,0.0361753851571367,15.5021427195927,15.6445239470739
"Grande",335,15.6066666666667,0.637686733531937,300,0.0368168607263317,15.5342136741215,15.6791196592119
"Grande",340,15.6566666666667,0.627242909710021,300,0.0362138862768365,15.5854002854303,15.727933047903
"Grande",345,15.7133333333333,0.631785352257113,300,0.0364761443195707,15.6415508467137,15.7851158199529
"Grande",350,15.75,0.649800586853833,300,0.0375162543739637,15.6761706499453,15.8238293500547
"Grande",355,15.7833333333333,0.646360188956939,300,0.0373176229087746,15.7098948760322,15.8567717906345
"Grande",360,15.81,0.654723000480249,300,0.0378004500571911,15.7356113728284,15.8843886271716
"Grande",365,15.85,0.684882139605423,300,0.0395416887664358,15.7721847375116,15.9278152624884
"Grande",370,15.9,0.691564074808125,300,0.0399274704752345,15.821425546241,15.978574453759
"Grande",375,15.9433333333333,0.684361056563975,300,0.0395116040230108,15.8655772755041,16.0210893911626
"Grande",380,15.99,0.671866565825572,300,0.0387902342638903,15.9136635471221,16.0663364528779
"Grande",385,16.0133333333333,0.669314696360966,300,0.0386429020116576,15.9372868199658,16.0893798467009
"Grande",390,16.04,0.663224110490403,300,0.0382912618724684,15.9646454896952,16.1153545103048
"Grande",395,16.07,0.673258933823565,300,0.0388706226677356,15.9935053483971,16.1464946516029
"Grande",400,16.12,0.678578092355441,300,0.0391777244287596,16.0429009937302,16.1970990062698
"Grande",405,16.18,0.670146991313514,300,0.0386909545831475,16.1038589225513,16.2561410774486
"Grande",410,16.2133333333333,0.680218995492126,300,0.0392724620155276,16.1360478901557,16.2906187765109
"Grande",415,16.25,0.679981309993002,300,0.0392587392368374,16.1727415622857,16.3272584377143
"Grande",420,16.2833333333333,0.671733808827546,300,0.0387825695350356,16.2070119641027,16.3596547025639
"Grande",425,16.32,0.667646993823236,300,0.038546617160749,16.2441429684472,16.3958570315528
"Grande",430,16.3833333333333,0.661701128532026,300,0.0382033324681045,16.3081518619122,16.4585148047545
"Grande",435,16.42,0.66714587013646,300,0.0385176847712032,16.344199905355,16.495800094645
"Grande",440,16.4633333333333,0.675903128428144,300,0.0390232853144099,16.3865382523787,16.540128414288
"Grande",445,16.51,0.666870091594716,300,0.038501762689672,16.4342312388917,16.5857687611083
"Grande",450,16.54,0.655616332865291,300,0.0378520266264891,16.4655098737675,16.6144901262325
"Grande",455,16.5833333333333,0.656627306993743,300,0.0379103952450096,16.5087283417647,16.657938324902
"Grande",460,16.6133333333333,0.631255760374172,300,0.036445568317953,16.5416110181345,16.6850556485322
"Grande",465,16.63,0.628024454714196,300,0.0362590087986909,16.5586448208141,16.7013551791859
"Grande",470,16.6633333333333,0.609283439724043,300,0.0351769957937458,16.5941074796422,16.7325591870244
"Grande",475,16.6933333333333,0.594812206295468,300,0.0343414987421964,16.6257516790784,16.7609149875883
"Grande",480,16.73,0.5872958266154,300,0.0339075403590345,16.6632723453224,16.7967276546776
"Grande",485,16.7666666666667,0.553694392684741,300,0.0319675606665321,16.7037567555833,16.82957657775
"Grande",490,16.7966666666667,0.544343569781159,300,0.0314276906544794,16.7348191817975,16.8585141515358
"Grande",495,16.8266666666667,0.520440598863476,300,0.0300476519851038,16.7675350008394,16.8857983324939
"Grande",500,16.87,0.523462871583479,300,0.0302221429819496,16.8105249481631,16.9294750518369
"Grande",505,16.8933333333333,0.51915375786296,300,0.0299733561852986,16.8343478764148,16.9523187902519
"Grande",510,16.92,0.504428548493359,300,0.0291231958259573,16.8626875988761,16.9773124011239
"Grande",515,16.9466666666667,0.494608614117688,300,0.0285562416504355,16.8904699914858,17.0028633418476
"Grande",520,16.9666666666667,0.489579256488161,300,0.0282658715523097,16.9110414194169,17.0222919139165
"Grande",525,16.98,0.476469738148434,300,0.0275089931580709,16.9258642361981,17.0341357638019
"Grande",530,17.0166666666667,0.487010767005707,300,0.0281175797428991,16.9613332472683,17.072000086065
"Grande",535,17.0433333333333,0.485359800569555,300,0.0280222611512656,16.9881874942195,17.0984791724472
"Grande",540,17.0733333333333,0.478244653621918,300,0.0276114679507114,17.0189959063467,17.12767076032
"Grande",545,17.09,0.499397630461976,300,0.0288327356379883,17.0332592040977,17.1467407959023
"Grande",550,17.12,0.50310075322243,300,0.0290465355302474,17.0628384609465,17.1771615390535
"Grande",555,17.1366666666667,0.515306405154123,300,0.0297512291730871,17.0781183400858,17.1952149932476
"Grande",560,17.1466666666667,0.528602203793242,300,0.0305188624654258,17.0866076917548,17.2067256415785
"Grande",565,17.16,0.531043019879944,300,0.0306597830478957,17.0996637032929,17.2203362967071
"Grande",570,17.1833333333333,0.539157855238246,300,0.0311282932857503,17.1220750414289,17.2445916252377
"Grande",575,17.1966666666667,0.552878350504954,300,0.0319204464493152,17.1338494730492,17.2594838602841
"Grande",580,17.22,0.540902256268284,300,0.031229006326177,17.1585435119153,17.2814564880847
"Grande",585,17.2433333333333,0.564373351445324,300,0.0325841106380409,17.1792100952686,17.3074565713981
"Grande",590,17.26,0.571684128234217,300,0.0330061985327462,17.1950461226443,17.3249538773557
"Grande",595,17.29,0.577649486943325,300,0.0333506086783978,17.2243683477004,17.3556316522996
"Grande",600,17.3166666666667,0.597980622572445,300,0.0345244273412381,17.2487250217943,17.384608311539
"Grande",605,17.3366666666667,0.59820429913246,300,0.0345373413134517,17.2686996080053,17.4046337253281
"Grande",610,17.3566666666667,0.603325972965199,300,0.034833041290055,17.2881176912482,17.4252156420852
"Grande",615,17.38,0.597318422333401,300,0.0344861951926111,17.3121335933073,17.4478664066927
"Grande",620,17.39,0.599247019155336,300,0.0345975427820414,17.3219144690825,17.4580855309175
"Grande",625,17.41,0.60811128184213,300,0.0351093212268802,17.3409073250969,17.4790926749031
"Grande",630,17.4266666666667,0.604848488910526,300,0.0349209437891431,17.3579447053122,17.4953886280211
"Grande",635,17.45,0.607230678564552,300,0.0350584795729443,17.3810073778961,17.5189926221039
"Grande",640,17.48,0.619850019619861,300,0.0357870575684722,17.4095735876424,17.5504264123576
"Grande",645,17.5066666666667,0.636111374807447,300,0.0367259073479662,17.4343926639732,17.5789406693601
"Grande",650,17.5266666666667,0.635585387527396,300,0.0366955394581935,17.4544524258445,17.5988809074888
"Grande",655,17.56,0.638560253479979,300,0.0368672934240461,17.4874477594527,17.6325522405473
"Grande",660,17.57,0.6479450408173,300,0.0374091243735951,17.4963814742514,17.6436185257486
"Grande",665,17.59,0.645462681786171,300,0.0372658053081103,17.5166635160925,17.6633364839075
"Grande",670,17.6033333333333,0.65376876714314,300,0.0377453573697862,17.5290531246958,17.6776135419708
"Grande",675,17.6366666666667,0.662913067204989,300,0.0382733037800121,17.5613474966248,17.7119858367085
"Grande",680,17.6566666666667,0.658458386722888,300,0.0380161126824626,17.5818536306163,17.731479702717
"Grande",685,17.6866666666667,0.650563600953183,300,0.0375603070135293,17.6127506241155,17.7605827092178
"Grande",690,17.7133333333333,0.652616720724694,300,0.0376788439388053,17.6391840184501,17.7874826482166
"Grande",695,17.7366666666667,0.669939014512597,300,0.038678947036948,17.6605492192244,17.8127841141089
"Grande",700,17.7533333333333,0.668814822236844,300,0.0386140417656454,17.6773436149002,17.8293230517665
"Grande",705,17.7766666666667,0.669539517959361,300,0.0386558820926929,17.7005946094126,17.8527387239208
"Grande",710,17.8066666666667,0.666410207081617,300,0.0384752112449286,17.7309501569342,17.8823831763991
"Grande",715,17.8233333333333,0.663518206424217,300,0.038308241509124,17.7479454082978,17.8987212583689
"Grande",720,17.8433333333333,0.668539732152931,300,0.0385981594322455,17.7673748702153,17.9192917964514
"Grande",725,17.8533333333333,0.668314574225814,300,0.0385851599332624,17.777400452315,17.9292662143516
"Grande",730,17.87,0.679193895604257,300,0.0392132778459069,17.7928310271057,17.9471689728943
"Grande",735,17.89,0.672861408401751,300,0.0388476715268062,17.8135505146283,17.9664494853717
"Grande",740,17.9333333333333,0.671111160330853,300,0.038746620907318,17.8570827084738,18.0095839581929
"Grande",745,17.9533333333333,0.672803416320297,300,0.0388443233524223,17.8768904369333,18.0297762297333
"Grande",750,17.9766666666667,0.661498922880551,300,0.0381916581193734,17.9015081695427,18.0518251637906
"Grande",755,17.99,0.666870091594716,300,0.038501762689672,17.9142312388917,18.0657687611083
"Grande",760,18.0133333333333,0.684141105618482,300,0.0394989051492519,17.9356022659945,18.0910644006722
"Grande",765,18.0266666666667,0.678840903400289,300,0.0391928978315085,17.9495378002074,18.103795533126
"Grande",770,18.04,0.683097411485796,300,0.0394386474404061,17.9623875155942,18.1176124844058
"Grande",775,18.07,0.692844459324063,300,0.0400013935097289,17.9912800709082,18.1487199290918
"Grande",780,18.08,0.68446693366268,300,0.0395177168401546,18.0022319125765,18.1577680874235
"Grande",785,18.09,0.68566302165438,300,0.0395867730125528,18.012096014886,18.167903985114
"Grande",790,18.11,0.687611347018427,300,0.039699259629893,18.0318746491344,18.1881253508656
"Grande",795,18.1333333333333,0.695582493723164,300,0.040159473999466,18.0543023129557,18.212364353711
"Grande",800,18.1566666666667,0.702686356735371,300,0.0405696157217044,18.0768285162253,18.236504817108
"Grande",805,18.1766666666667,0.707429911123873,300,0.0408434849620161,18.0962895608219,18.2570437725115
"Grande",810,18.2,0.717669957030445,300,0.0414346942880834,18.1184594357818,18.2815405642182
"Grande",815,18.23,0.724926475339968,300,0.0418536495680217,18.1476349612564,18.3123650387436
"Grande",820,18.2433333333333,0.729769896997747,300,0.0421332846478135,18.1604179924197,18.326248674247
"Grande",825,18.26,0.735438349025526,300,0.0424605528782261,18.176440618226,18.343559381774
"Grande",830,18.2666666666667,0.737587740184486,300,0.0425846480346481,18.1828630743526,18.3504702589808
"Grande",835,18.29,0.721782446215999,300,0.0416721289619154,18.2079921810427,18.3720078189573
"Grande",840,18.2966666666667,0.723695150685684,300,0.0417825590059607,18.2144415291494,18.378891804184
"Grande",845,18.3233333333333,0.716822855086343,300,0.0413857868345376,18.241889015544,18.4047776511226
"Grande",850,18.3333333333333,0.719221677668052,300,0.0415242829208664,18.2516164649867,18.41505020168
"Grande",855,18.35,0.708878241451953,300,0.0409271043524954,18.2694583370758,18.4305416629242
"Grande",860,18.36,0.701455724746234,300,0.0404985651506842,18.2803016720854,18.4396983279146
"Grande",865,18.39,0.702051461205375,300,0.0405329600111893,18.3102339854189,18.4697660145811
"Grande",870,18.4033333333333,0.699251072527117,300,0.0403712794954665,18.3238854946361,18.4827811720306
"Grande",875,18.42,0.682019429101724,300,0.0393764100984435,18.342509994306,18.497490005694
"Grande",880,18.4366666666667,0.68377436348263,300,0.0394777312821661,18.3589772680091,18.5143560653242
"Grande",885,18.4633333333333,0.67093671520364,300,0.0387365493132025,18.3871025286627,18.539564138004
"Grande",890,18.4733333333333,0.676373040950014,300,0.0390504157265096,18.3964848616358,18.5501818050309
"Grande",895,18.49,0.671866565825572,300,0.0387902342638903,18.4136635471221,18.5663364528779
"Grande",900,18.52,0.666644369749767,300,0.0384887306328776,18.4442568850629,18.5957431149371
"Grande",905,18.5433333333333,0.650280790050409,300,0.0375439789184446,18.4694494233249,18.6172172433417
"Grande",910,18.5633333333333,0.643456039267996,300,0.0371499517483068,18.4902248410835,18.6364418255832
"Grande",915,18.5866666666667,0.64592022107652,300,0.0372922213513551,18.513278197844,18.6600551354894
"Grande",920,18.61,0.631847109062603,300,0.0364797098503981,18.5382104966665,18.6817895033335
"Grande",925,18.63,0.622676282275438,300,0.035950231918972,18.5592524719969,18.7007475280031
"Grande",930,18.65,0.618148059457741,300,0.0356887948526972,18.5797669617562,18.7202330382438
"Grande",935,18.6566666666667,0.616486610852246,300,0.0355928710727344,18.5866223996754,18.7267109336579
"Grande",940,18.6766666666667,0.611037460512354,300,0.0352782642311753,18.607241523813,18.7460918095203
"Grande",945,18.6933333333333,0.605953370466315,300,0.0349847341555088,18.6244858370243,18.7621808296423
"Grande",950,18.71,0.600362209510805,300,0.0346619283272342,18.6417877628578,18.7782122371422
"Grande",955,18.7266666666667,0.599851337956093,300,0.0346324331442707,18.6585124739701,18.7948208593632
"Grande",960,18.74,0.594624751686074,300,0.0343306760452769,18.6724396440514,18.8075603559486
"Grande",965,18.7633333333333,0.578883328991403,300,0.0334218445822573,18.697561493785,18.8291051728817
"Grande",970,18.7766666666667,0.578420946653312,300,0.0333951489255208,18.7109473622933,18.8423859710401
"Grande",975,18.7933333333333,0.564225181768202,300,0.0325755560577437,18.729226930081,18.8574397365857
"Grande",980,18.8066666666667,0.557066692496076,300,0.0321622604869184,18.7433736000302,18.8699597333031
"Grande",985,18.82,0.549490490664856,300,0.0317248482702494,18.7575677298424,18.8824322701576
"Grande",990,18.8333333333333,0.565646008482274,300,0.0326575875263278,18.7690654979202,18.8976011687465
"Grande",995,18.84,0.555664054808317,300,0.0320812791622581,18.776866298915,18.903133701085
"Grande",1000,18.8733333333333,0.521082827644938,300,0.0300847310810896,18.814128698453,18.9325379682137
"Grande",1005,18.88,0.522663617946652,300,0.0301759980517123,18.8206157581404,18.9393842418596
"Grande",1010,18.89,0.515219860852357,300,0.029746232535495,18.8314615064505,18.9485384935495
"Grande",1015,18.8933333333333,0.51915375786296,300,0.0299733561852986,18.8343478764148,18.9523187902519
"Grande",1020,18.9033333333333,0.517896009327303,300,0.0299007400397351,18.8444907798821,18.9621758867845
"Grande",1025,18.91,0.506050349789168,300,0.029216830567428,18.8525033322903,18.9674966677097
"Grande",1030,18.9166666666667,0.500557103236875,300,0.0288996778298589,18.8597941332389,18.9735392000945
"Grande",1035,18.9433333333333,0.517379125419928,300,0.0298708977334289,18.8845495074421,19.0021171592246
"Grande",1040,18.9533333333333,0.534266185290352,300,0.0308458725896299,18.892630825496,19.0140358411707
"Grande",1045,18.9633333333333,0.538164434677166,300,0.0310709381229144,18.9021879123555,19.0244787543111
"Grande",1050,18.9866666666667,0.536140882332168,300,0.030954108273804,18.9257511586152,19.0475821747182
"Grande",1055,19.0033333333333,0.533169567945163,300,0.0307825593576856,18.9427554214836,19.0639112451831
"Grande",1060,19.01,0.533085923662114,300,0.0307777301527522,18.9494315916859,19.0705684083141
"Grande",1065,19.0266666666667,0.529360902825621,300,0.0305626659744836,18.9665214895297,19.0868118438036
"Grande",1070,19.0433333333333,0.525078960988852,300,0.0303154479472723,18.9836746638869,19.1029920027798
"Grande",1075,19.06,0.520226346415689,300,0.0300352821142634,19.0008926772086,19.1191073227914
"Grande",1080,19.07,0.522183478563121,300,0.0301482771914793,19.0106703108437,19.1293296891563
"Grande",1085,19.0833333333333,0.520215631476986,300,0.0300346634869889,19.0242272279569,19.1424394387098
"Grande",1090,19.1,0.526869977550579,300,0.0304188523366759,19.0401378379877,19.1598621620123
"Grande",1095,19.1033333333333,0.535672823155247,300,0.0309270848646249,19.0424710054505,19.1641956612161
"Grande",1100,19.1133333333333,0.530496916879149,300,0.0306282537764443,19.053059084015,19.1736075826517
"Grande",1105,19.1233333333333,0.531410273220075,300,0.0306809864293743,19.0629553098628,19.1837113568039
"Grande",1110,19.14,0.542877259666994,300,0.0313430332005665,19.0783191150461,19.2016808849539
"Grande",1115,19.15,0.549399185367928,300,0.0317195767564734,19.0875781038107,19.2124218961893
"Grande",1120,19.1633333333333,0.557696728541275,300,0.0321986356349479,19.0999686829639,19.2266979837028
"Grande",1125,19.1666666666667,0.565646008482274,300,0.0326575875263278,19.1023988312535,19.2309345020798
"Grande",1130,19.1733333333333,0.569535005623879,300,0.0328821188809862,19.1086236360057,19.238043030661
"Grande",1135,19.19,0.572998917274129,300,0.0330821079133583,19.1248967383221,19.2551032616779
"Grande",1140,19.2,0.57831493196624,300,0.0333890281647089,19.1342927408534,19.2657072591466
"Grande",1145,19.22,0.559144114221215,300,0.0322822004861413,19.1564708998806,19.2835291001194
"Grande",1150,19.2266666666667,0.562444101025292,300,0.032472725313107,19.1627626270876,19.2905707062457
"Grande",1155,19.2466666666667,0.56588246610083,300,0.0326712394133003,19.1823719653001,19.3109613680332
"Grande",1160,19.25,0.567367918122844,300,0.0327570020257781,19.1855365238438,19.3144634761562
"Grande",1165,19.2566666666667,0.570268570966637,300,0.0329244712957971,19.1918736227654,19.321459710568
"Grande",1170,19.28,0.579701226241316,300,0.033469065901998,19.2141352322155,19.3458647677845
"Grande",1175,19.2966666666667,0.58003767224751,300,0.0334884906212224,19.2307636724009,19.3625696609324
"Grande",1180,19.3066666666667,0.583458339846709,300,0.033685982957143,19.2403750213737,19.3729583119597
"Grande",1185,19.3166666666667,0.575173862522733,300,0.0332076784358337,19.251316291032,19.3820170423013
"Grande",1190,19.33,0.579268365669042,300,0.0334440746852056,19.2641844131725,19.3958155868275
"Grande",1195,19.34,0.582119297270053,300,0.0336086732979341,19.2738604946791,19.4061395053209
"Grande",1200,19.3433333333333,0.57726337046895,300,0.0333283162333559,19.2777455509977,19.408921115669
"Grande",1205,19.3533333333333,0.574097129356471,300,0.033145513217495,19.2881052944762,19.4185613721904
"Grande",1210,19.3633333333333,0.582339494204704,300,0.0336213863738836,19.297168809573,19.4294978570936
"Grande",1215,19.3833333333333,0.580959495438384,300,0.033541712107962,19.3173256029248,19.4493410637419
"Grande",1220,19.3833333333333,0.580959495438384,300,0.033541712107962,19.3173256029248,19.4493410637419
"Grande",1225,19.39,0.5822629134115,300,0.0336169649797265,19.3238441772325,19.4561558227675
"Grande",1230,19.4066666666667,0.585175463685798,300,0.0337851211482159,19.3401799243861,19.4731534089472
"Grande",1235,19.42,0.575648536398898,300,0.0332350837448518,19.3545956926446,19.4854043073554
"Grande",1240,19.4233333333333,0.57610346834838,300,0.0332613492532014,19.3578773373048,19.4887893293619
"Grande",1245,19.43,0.576954291240304,300,0.0333104715357699,19.3644473347742,19.4955526652258
"Grande",1250,19.4366666666667,0.57772667927146,300,0.0333550653795406,19.3710262438926,19.5023070894407
"Grande",1255,19.45,0.579037374386537,300,0.0334307383972921,19.3842106580492,19.5157893419508
"Grande",1260,19.4666666666667,0.585975066149906,300,0.0338312862180057,19.4000890747756,19.5332442585577
"Grande",1265,19.48,0.586583555479122,300,0.0338664173658079,19.4133532724809,19.5466467275191
"Grande",1270,19.49,0.586840072679951,300,0.0338812273933029,19.4233241273884,19.5566758726116
"Grande",1275,19.4966666666667,0.592587057140008,300,0.0342130296958072,19.4293378304597,19.5639955028737
"Grande",1280,19.5033333333333,0.592587057140008,300,0.0342130296958072,19.4360044971263,19.5706621695403
"Grande",1285,19.51,0.59812974957313,300,0.034533037192637,19.4420414115457,19.5779585884543
"Grande",1290,19.5233333333333,0.597756862314186,300,0.0345115085367042,19.4554171117597,19.5912495549069
"Grande",1295,19.5366666666667,0.597085078408778,300,0.0344727230748417,19.4688267721542,19.6045065611791
"Grande",1300,19.5466666666667,0.601966306090118,300,0.0347545408864214,19.4782721745215,19.6150611588118
