"sim_number","transfer","strain1","strain2","clusters_pop1_b","clusters_pop2_b","cells_pop1_b","cells_pop2_b","total_clusters_b","total_cells_b","clusters_pop1_a","clusters_pop2_a","cells_pop1_a","cells_pop2_a","total_clusters_a","total_cells_a","carr_cap"
35,1,"petite","second",1,7,81,1008,8,1089,1,1,81,247,2,328,"10k"
35,2,"petite","second",3,5,198,826,8,1024,1,1,82,297,2,379,"10k"
14,1,"petite","second",6,2,534,281,8,815,1,1,59,118,2,177,"10k"
14,2,"petite","second",5,3,406,527,8,933,1,1,84,203,2,287,"10k"
3,1,"petite","second",3,5,319,816,8,1135,1,1,70,233,2,303,"10k"
4,1,"petite","second",4,5,278,760,9,1038,1,1,84,113,2,197,"10k"
34,1,"petite","second",6,3,493,571,9,1064,1,1,94,281,2,375,"10k"
25,1,"petite","second",5,3,621,223,8,844,1,1,113,87,2,200,"10k"
41,1,"petite","second",5,4,409,664,9,1073,1,1,89,171,2,260,"10k"
41,2,"petite","second",3,5,257,843,8,1100,1,1,70,71,2,141,"10k"
10,1,"petite","second",3,4,435,532,7,967,1,1,119,84,2,203,"10k"
50,1,"petite","second",3,5,227,792,8,1019,1,1,73,237,2,310,"10k"
38,1,"petite","second",33,48,3328,6881,81,10209,3,5,292,734,8,1026,"100k"
38,2,"petite","second",20,53,1818,7459,73,9277,3,5,250,799,8,1049,"100k"
38,3,"petite","second",15,60,1453,8423,75,9876,2,6,137,969,8,1106,"100k"
38,4,"petite","second",8,61,747,9075,69,9822,1,7,67,1002,8,1069,"100k"
39,1,"petite","second",47,36,4444,5879,83,10323,5,5,497,580,10,1077,"100k"
39,2,"petite","second",43,38,4283,5907,81,10190,4,4,369,651,8,1020,"100k"
39,3,"petite","second",25,52,2304,6989,77,9293,1,8,102,921,9,1023,"100k"
23,1,"petite","second",44,37,4332,5381,81,9713,5,3,615,435,8,1050,"100k"
23,2,"petite","second",40,43,4193,6971,83,11164,3,6,244,787,9,1031,"100k"
23,3,"petite","second",18,54,1713,7559,72,9272,5,4,459,594,9,1053,"100k"
23,4,"petite","second",39,40,3674,6271,79,9945,3,4,404,751,7,1155,"100k"
23,5,"petite","second",27,48,2466,8733,75,11199,2,5,158,948,7,1106,"100k"
5,1,"petite","second",36,43,3224,6520,79,9744,5,4,503,551,9,1054,"100k"
5,2,"petite","second",43,38,4067,6086,81,10153,4,3,393,619,7,1012,"100k"
5,3,"petite","second",24,53,2012,7879,77,9891,1,6,153,1011,7,1164,"100k"
16,1,"petite","second",40,42,3719,6078,82,9797,1,6,59,946,7,1005,"100k"
35,1,"petite","second",37,42,3563,6134,79,9697,5,3,570,478,8,1048,"100k"
35,2,"petite","second",48,35,4549,5837,83,10386,4,4,294,794,8,1088,"100k"
35,3,"petite","second",19,55,1880,7528,74,9408,1,7,61,981,8,1042,"100k"
14,1,"petite","second",39,42,3789,5135,81,8924,1,8,138,1026,9,1164,"100k"
14,2,"petite","second",12,57,1129,7980,69,9109,1,6,117,976,7,1093,"100k"
14,3,"petite","second",2,66,225,9508,68,9733,1,5,108,1010,6,1118,"100k"
14,4,"petite","second",6,65,537,9718,71,10255,2,4,234,852,6,1086,"100k"
14,5,"petite","second",17,56,1680,8288,73,9968,2,5,245,853,7,1098,"100k"
14,6,"petite","second",12,59,1069,9052,71,10121,1,4,141,872,5,1013,"100k"
14,7,"petite","second",9,61,789,8807,70,9596,1,9,75,979,10,1054,"100k"
3,1,"petite","second",33,47,3038,6877,80,9915,4,6,414,761,10,1175,"100k"
3,2,"petite","second",26,49,2223,6712,75,8935,2,7,188,913,9,1101,"100k"
3,3,"petite","second",11,61,1111,8264,72,9375,3,4,325,702,7,1027,"100k"
3,4,"petite","second",29,46,2367,6436,75,8803,2,6,154,907,8,1061,"100k"
3,5,"petite","second",12,59,1296,8197,71,9493,1,5,109,985,6,1094,"100k"
3,6,"petite","second",6,64,588,9440,70,10028,1,5,133,973,6,1106,"100k"
36,1,"petite","second",44,38,3843,5736,82,9579,3,5,270,805,8,1075,"100k"
36,2,"petite","second",17,57,1676,8715,74,10391,2,4,297,807,6,1104,"100k"
36,3,"petite","second",20,54,1903,8006,74,9909,4,7,332,737,11,1069,"100k"
36,4,"petite","second",23,53,2086,7714,76,9800,1,5,164,844,6,1008,"100k"
19,1,"petite","second",38,45,3199,6906,83,10105,4,6,287,784,10,1071,"100k"
19,2,"petite","second",20,54,1952,8230,74,10182,3,5,293,711,8,1004,"100k"
4,1,"petite","second",32,47,2974,6701,79,9675,2,7,128,1004,9,1132,"100k"
4,2,"petite","second",12,57,1080,8329,69,9409,3,6,268,926,9,1194,"100k"
1,1,"petite","second",31,51,2623,7223,82,9846,3,7,288,742,10,1030,"100k"
1,2,"petite","second",17,57,1377,8198,74,9575,3,7,166,858,10,1024,"100k"
34,1,"petite","second",48,34,4735,4947,82,9682,8,3,680,333,11,1013,"100k"
34,2,"petite","second",62,26,5913,3538,88,9451,8,1,925,110,9,1035,"100k"
34,3,"petite","second",88,10,8398,1513,98,9911,5,2,563,537,7,1100,"100k"
34,4,"petite","second",41,41,4204,6678,82,10882,2,6,167,889,8,1056,"100k"
34,5,"petite","second",17,55,1686,8616,72,10302,1,7,105,916,8,1021,"100k"
28,1,"petite","second",41,39,3949,6567,80,10516,1,5,70,955,6,1025,"100k"
15,1,"petite","second",26,54,2388,8414,80,10802,1,4,39,961,5,1000,"100k"
21,1,"petite","second",34,44,3088,6505,78,9593,3,7,184,940,10,1124,"100k"
25,1,"petite","second",35,45,3310,6451,80,9761,4,4,425,604,8,1029,"100k"
25,2,"petite","second",31,48,2885,6940,79,9825,2,5,213,805,7,1018,"100k"
25,3,"petite","second",13,59,1045,8279,72,9324,1,6,93,1046,7,1139,"100k"
31,1,"petite","second",43,41,3970,5823,84,9793,1,7,117,1016,8,1133,"100k"
12,1,"petite","second",43,39,4029,5527,82,9556,4,5,320,725,9,1045,"100k"
12,2,"petite","second",26,51,2583,7253,77,9836,2,6,243,882,8,1125,"100k"
9,1,"petite","second",34,45,3051,6229,79,9280,3,5,298,795,8,1093,"100k"
9,2,"petite","second",20,56,1675,8182,76,9857,1,6,56,964,7,1020,"100k"
29,1,"petite","second",38,41,3727,6451,79,10178,4,5,367,741,9,1108,"100k"
29,2,"petite","second",25,49,2766,7239,74,10005,3,3,216,904,6,1120,"100k"
45,1,"petite","second",34,48,3405,7080,82,10485,2,4,429,674,6,1103,"100k"
45,2,"petite","second",38,41,3504,5562,79,9066,4,6,491,529,10,1020,"100k"
45,3,"petite","second",44,36,4153,5633,80,9786,6,4,529,531,10,1060,"100k"
45,4,"petite","second",37,45,3506,7161,82,10667,2,6,127,1080,8,1207,"100k"
37,1,"petite","second",43,38,4216,5384,81,9600,3,4,436,579,7,1015,"100k"
37,2,"petite","second",30,50,3261,7223,80,10484,2,7,189,857,9,1046,"100k"
37,3,"petite","second",17,54,1802,7552,71,9354,2,6,197,1088,8,1285,"100k"
37,4,"petite","second",10,59,939,9172,69,10111,2,6,200,809,8,1009,"100k"
37,5,"petite","second",13,58,1260,8305,71,9565,1,6,102,1150,7,1252,"100k"
42,1,"petite","second",43,39,4102,6015,82,10117,3,4,264,1016,7,1280,"100k"
42,2,"petite","second",16,55,1762,7513,71,9275,3,6,298,813,9,1111,"100k"
22,1,"petite","second",32,47,2851,6989,79,9840,1,8,145,913,9,1058,"100k"
22,2,"petite","second",13,57,1297,8573,70,9870,1,5,73,956,6,1029,"100k"
22,3,"petite","second",7,59,589,8889,66,9478,1,8,154,922,9,1076,"100k"
22,4,"petite","second",8,64,684,9280,72,9964,2,6,181,981,8,1162,"100k"
22,5,"petite","second",10,60,1141,8942,70,10083,1,7,152,886,8,1038,"100k"
22,6,"petite","second",12,57,1046,8499,69,9545,2,6,183,966,8,1149,"100k"
22,7,"petite","second",11,58,1432,8564,69,9996,1,7,106,1098,8,1204,"100k"
22,8,"petite","second",7,63,585,9936,70,10521,1,6,63,950,7,1013,"100k"
22,9,"petite","second",3,66,332,9923,69,10255,1,7,110,1063,8,1173,"100k"
18,1,"petite","second",42,41,3943,5720,83,9663,2,6,219,799,8,1018,"100k"
18,2,"petite","second",19,54,1890,7364,73,9254,2,5,269,856,7,1125,"100k"
18,3,"petite","second",20,54,1753,8168,74,9921,3,7,245,829,10,1074,"100k"
18,4,"petite","second",20,54,1820,8167,74,9987,2,7,129,1003,9,1132,"100k"
41,1,"petite","second",35,44,3308,6508,79,9816,6,3,611,483,9,1094,"100k"
41,2,"petite","second",48,35,4783,4930,83,9713,8,2,743,371,10,1114,"100k"
41,3,"petite","second",63,24,5728,3933,87,9661,7,2,750,362,9,1112,"100k"
41,4,"petite","second",60,26,5959,3743,86,9702,6,5,539,574,11,1113,"100k"
41,5,"petite","second",32,48,3048,7765,80,10813,2,5,157,954,7,1111,"100k"
40,1,"petite","second",46,36,4197,5761,82,9958,4,5,191,1010,9,1201,"100k"
40,2,"petite","second",8,64,791,9505,72,10296,1,5,89,987,6,1076,"100k"
40,3,"petite","second",6,63,758,9408,69,10166,3,4,453,663,7,1116,"100k"
40,4,"petite","second",30,46,2937,6627,76,9564,5,2,698,402,7,1100,"100k"
40,5,"petite","second",56,30,5513,4334,86,9847,2,4,315,722,6,1037,"100k"
40,6,"petite","second",29,46,2827,6265,75,9092,3,5,368,812,8,1180,"100k"
40,7,"petite","second",17,57,1780,8242,74,10022,1,7,55,1050,8,1105,"100k"
40,8,"petite","second",6,62,516,8719,68,9235,1,8,120,932,9,1052,"100k"
40,9,"petite","second",9,58,802,9663,67,10465,1,5,72,1003,6,1075,"100k"
40,10,"petite","second",7,63,670,9248,70,9918,1,6,110,950,7,1060,"100k"
6,1,"petite","second",44,37,3802,5119,81,8921,5,5,429,615,10,1044,"100k"
6,2,"petite","second",31,45,2821,7254,76,10075,3,4,315,870,7,1185,"100k"
6,3,"petite","second",24,50,1812,7744,74,9556,2,7,99,1073,9,1172,"100k"
46,1,"petite","second",36,44,3397,6931,80,10328,3,4,486,622,7,1108,"100k"
46,2,"petite","second",39,38,4105,4733,77,8838,6,3,756,322,9,1078,"100k"
46,3,"petite","second",76,13,7021,1870,89,8891,9,2,805,255,11,1060,"100k"
46,4,"petite","second",70,20,6428,3481,90,9909,6,3,555,724,9,1279,"100k"
43,1,"petite","second",34,47,3530,7157,81,10687,3,5,348,730,8,1078,"100k"
43,2,"petite","second",28,48,2434,7476,76,9910,1,6,133,989,7,1122,"100k"
2,1,"petite","second",33,44,3593,6523,77,10116,2,5,315,768,7,1083,"100k"
2,2,"petite","second",21,54,2195,7328,75,9523,1,6,150,864,7,1014,"100k"
48,1,"petite","second",36,46,3112,6114,82,9226,3,5,329,751,8,1080,"100k"
48,2,"petite","second",14,61,1103,8903,75,10006,1,7,43,990,8,1033,"100k"
10,1,"petite","second",38,44,3594,6588,82,10182,3,5,237,804,8,1041,"100k"
32,1,"petite","second",38,42,3674,5833,80,9507,7,3,713,304,10,1017,"100k"
32,2,"petite","second",59,30,5770,4118,89,9888,7,2,835,166,9,1001,"100k"
32,3,"petite","second",72,21,6646,3004,93,9650,7,2,696,357,9,1053,"100k"
32,4,"petite","second",59,28,5746,4237,87,9983,5,2,604,491,7,1095,"100k"
32,5,"petite","second",40,42,3870,6373,82,10243,2,4,264,785,6,1049,"100k"
32,6,"petite","second",19,54,2078,7903,73,9981,1,4,174,1027,5,1201,"100k"
32,7,"petite","second",8,63,905,9376,71,10281,1,6,173,933,7,1106,"100k"
7,1,"petite","second",35,44,3128,7447,79,10575,1,5,89,1113,6,1202,"100k"
7,2,"petite","second",8,61,840,9344,69,10184,1,6,130,1013,7,1143,"100k"
33,1,"petite","second",35,47,3131,7370,82,10501,1,7,57,1077,8,1134,"100k"
30,1,"petite","second",37,43,3581,6846,80,10427,4,4,371,656,8,1027,"100k"
30,2,"petite","second",32,45,3561,6305,77,9866,6,2,689,390,8,1079,"100k"
30,3,"petite","second",49,36,5072,5519,85,10591,5,2,581,525,7,1106,"100k"
30,4,"petite","second",38,41,3700,5715,79,9415,3,6,321,740,9,1061,"100k"
30,5,"petite","second",25,50,2043,7591,75,9634,1,7,73,941,8,1014,"100k"
27,1,"petite","second",39,43,3643,5811,82,9454,5,5,614,490,10,1104,"100k"
27,2,"petite","second",43,40,3982,5089,83,9071,3,5,342,696,8,1038,"100k"
27,3,"petite","second",26,49,2483,6949,75,9432,2,6,306,740,8,1046,"100k"
27,4,"petite","second",17,56,1529,8454,73,9983,1,8,44,1013,9,1057,"100k"
47,1,"petite","second",40,40,3835,5702,80,9537,2,6,184,887,8,1071,"100k"
49,1,"petite","second",28,47,3003,6764,75,9767,3,4,382,661,7,1043,"100k"
49,2,"petite","second",21,57,2071,7954,78,10025,4,5,465,668,9,1133,"100k"
49,3,"petite","second",27,52,2508,7600,79,10108,5,4,714,445,9,1159,"100k"
49,4,"petite","second",40,44,4294,6515,84,10809,4,3,498,633,7,1131,"100k"
49,5,"petite","second",40,38,3939,5598,78,9537,4,5,427,713,9,1140,"100k"
49,6,"petite","second",27,50,2495,7315,77,9810,4,3,343,750,7,1093,"100k"
49,7,"petite","second",31,42,3057,6484,73,9541,2,6,274,771,8,1045,"100k"
49,8,"petite","second",24,50,2475,8159,74,10634,4,3,502,538,7,1040,"100k"
49,9,"petite","second",46,35,4487,5532,81,10019,5,4,462,576,9,1038,"100k"
49,10,"petite","second",31,48,2511,7210,79,9721,4,4,362,649,8,1011,"100k"
49,11,"petite","second",28,49,2684,7475,77,10159,2,5,166,930,7,1096,"100k"
49,12,"petite","second",10,60,1051,8625,70,9676,1,5,119,931,6,1050,"100k"
49,13,"petite","second",9,60,994,8851,69,9845,1,4,78,1062,5,1140,"100k"
24,1,"petite","second",35,47,2986,6715,82,9701,4,4,435,646,8,1081,"100k"
24,2,"petite","second",37,40,3505,6404,77,9909,6,3,698,489,9,1187,"100k"
24,3,"petite","second",50,35,4373,4808,85,9181,3,7,277,793,10,1070,"100k"
24,4,"petite","second",16,57,1383,8688,73,10071,1,7,101,997,8,1098,"100k"
20,1,"petite","second",31,49,2856,7724,80,10580,2,5,309,781,7,1090,"100k"
26,1,"petite","second",33,46,3124,6921,79,10045,3,4,333,798,7,1131,"100k"
26,2,"petite","second",22,49,2024,7215,71,9239,3,6,367,718,9,1085,"100k"
26,3,"petite","second",27,47,2450,6643,74,9093,4,5,381,693,9,1074,"100k"
26,4,"petite","second",29,47,2822,6201,76,9023,5,3,499,527,8,1026,"100k"
26,5,"petite","second",40,41,4132,6173,81,10305,3,4,306,766,7,1072,"100k"
26,6,"petite","second",23,50,2298,7159,73,9457,3,4,337,697,7,1034,"100k"
26,7,"petite","second",26,49,2740,6708,75,9448,1,9,102,925,10,1027,"100k"
17,1,"petite","second",44,36,4081,5697,80,9778,3,4,258,831,7,1089,"100k"
17,2,"petite","second",18,53,1819,7667,71,9486,2,7,193,1107,9,1300,"100k"
11,1,"petite","second",39,41,3604,5939,80,9543,3,6,204,813,9,1017,"100k"
11,2,"petite","second",9,64,950,9043,73,9993,1,8,83,1110,9,1193,"100k"
13,1,"petite","second",52,32,5194,4519,84,9713,4,4,453,707,8,1160,"100k"
13,2,"petite","second",31,45,3229,6349,76,9578,1,5,174,827,6,1001,"100k"
13,3,"petite","second",13,56,1275,8376,69,9651,1,7,113,1032,8,1145,"100k"
38,1,"petite","second",401,394,38114,58780,795,96894,30,44,3015,7100,74,10115,"1mill"
38,2,"petite","second",214,532,21120,79830,746,100950,19,54,1861,8173,73,10034,"1mill"
38,3,"petite","second",117,603,11672,90953,720,102625,10,54,842,9197,64,10039,"1mill"
38,4,"petite","second",73,613,7018,91017,686,98035,3,65,301,9706,68,10007,"1mill"
38,5,"petite","second",21,665,2100,97459,686,99559,2,57,143,9916,59,10059,"1mill"
8,1,"petite","second",379,429,37376,65321,808,102697,31,44,3248,6761,75,10009,"1mill"
8,2,"petite","second",238,505,24316,76460,743,100776,16,57,1729,8385,73,10114,"1mill"
8,3,"petite","second",121,588,11499,91115,709,102614,6,60,605,9580,66,10185,"1mill"
8,4,"petite","second",36,636,3601,97866,672,101467,3,62,283,9839,65,10122,"1mill"
8,5,"petite","second",14,652,1615,100948,666,102563,1,65,161,10017,66,10178,"1mill"
8,6,"petite","second",13,653,1345,99701,666,101046,2,60,263,9757,62,10020,"1mill"
8,7,"petite","second",24,654,2352,101610,678,103962,1,54,65,9935,55,10000,"1mill"
8,8,"petite","second",6,657,548,99881,663,100429,1,64,141,9921,65,10062,"1mill"
8,9,"petite","second",12,654,1162,98839,666,100001,3,64,235,9820,67,10055,"1mill"
39,1,"petite","second",377,438,36937,66743,815,103680,26,47,2602,7417,73,10019,"1mill"
39,2,"petite","second",166,572,16246,89053,738,105299,20,50,1784,8346,70,10130,"1mill"
39,3,"petite","second",134,571,13217,88800,705,102017,14,52,1431,8653,66,10084,"1mill"
39,4,"petite","second",92,608,9545,93697,700,103242,8,54,909,9247,62,10156,"1mill"
39,5,"petite","second",60,627,6111,93771,687,99882,2,59,261,9927,61,10188,"1mill"
39,6,"petite","second",16,656,1418,99747,672,101165,2,63,183,9872,65,10055,"1mill"
23,1,"petite","second",370,425,36993,64793,795,101786,26,45,3265,6740,71,10005,"1mill"
23,2,"petite","second",238,514,24595,78339,752,102934,16,43,1817,8210,59,10027,"1mill"
23,3,"petite","second",120,574,12318,88577,694,100895,7,53,680,9407,60,10087,"1mill"
23,4,"petite","second",40,648,4105,97962,688,102067,4,57,426,9751,61,10177,"1mill"
23,5,"petite","second",38,629,3968,95040,667,99008,1,62,118,9917,63,10035,"1mill"
5,1,"petite","second",378,408,37406,62619,786,100025,26,38,2874,7191,64,10065,"1mill"
5,2,"petite","second",222,515,21910,79026,737,100936,19,53,1984,8123,72,10107,"1mill"
5,3,"petite","second",134,577,13564,86193,711,99757,12,54,1443,8614,66,10057,"1mill"
5,4,"petite","second",100,601,10717,90599,701,101316,4,56,517,9552,60,10069,"1mill"
5,5,"petite","second",37,629,3823,98945,666,102768,1,60,69,10087,61,10156,"1mill"
16,1,"petite","second",354,450,35918,69571,804,105489,28,41,3252,6861,69,10113,"1mill"
16,2,"petite","second",231,512,22326,77781,743,100107,8,57,774,9262,65,10036,"1mill"
16,3,"petite","second",57,627,5765,94940,684,100705,5,68,443,9724,73,10167,"1mill"
16,4,"petite","second",34,636,3772,96370,670,100142,3,58,340,9697,61,10037,"1mill"
16,5,"petite","second",21,634,2570,99365,655,101935,1,62,266,9787,63,10053,"1mill"
35,1,"petite","second",391,403,38363,63202,794,101565,31,40,3008,7014,71,10022,"1mill"
35,2,"petite","second",240,499,22801,77313,739,100114,11,47,1123,9046,58,10169,"1mill"
35,3,"petite","second",72,622,7173,94002,694,101175,5,60,505,9514,65,10019,"1mill"
35,4,"petite","second",35,655,3773,98226,690,101999,4,64,447,9566,68,10013,"1mill"
14,1,"petite","second",388,419,38611,64259,807,102870,28,43,2806,7251,71,10057,"1mill"
14,2,"petite","second",175,568,17416,87839,743,105255,11,54,1189,9035,65,10224,"1mill"
14,3,"petite","second",71,629,7099,98050,700,105149,4,56,517,9700,60,10217,"1mill"
14,4,"petite","second",42,631,4108,97305,673,101413,5,63,314,9774,68,10088,"1mill"
14,5,"petite","second",15,652,1528,101522,667,103050,1,59,47,10021,60,10068,"1mill"
3,1,"petite","second",358,429,34981,67206,787,102187,28,42,3214,6909,70,10123,"1mill"
3,2,"petite","second",226,520,21741,80487,746,102228,13,56,1291,8832,69,10123,"1mill"
3,3,"petite","second",75,608,8016,94230,683,102246,9,52,1274,8891,61,10165,"1mill"
3,4,"petite","second",80,609,7819,91476,689,99295,6,59,691,9319,65,10010,"1mill"
3,5,"petite","second",52,620,5157,95145,672,100302,1,58,67,10084,59,10151,"1mill"
36,1,"petite","second",361,436,35896,65134,797,101030,29,42,2903,7157,71,10060,"1mill"
36,2,"petite","second",202,541,20386,82855,743,103241,13,50,1272,8753,63,10025,"1mill"
36,3,"petite","second",100,597,10230,90576,697,100806,3,60,353,9760,63,10113,"1mill"
19,1,"petite","second",391,414,38310,63129,805,101439,31,36,3316,6709,67,10025,"1mill"
19,2,"petite","second",238,525,23643,81780,763,105423,12,55,1334,8684,67,10018,"1mill"
19,3,"petite","second",82,624,7640,95192,706,102832,3,61,270,9879,64,10149,"1mill"
4,1,"petite","second",379,428,36062,66042,807,102104,31,47,3170,6892,78,10062,"1mill"
4,2,"petite","second",226,522,22727,81216,748,103943,15,50,1731,8465,65,10196,"1mill"
4,3,"petite","second",113,601,11757,91641,714,103398,10,52,1389,8646,62,10035,"1mill"
4,4,"petite","second",80,624,7894,96237,704,104131,7,58,816,9253,65,10069,"1mill"
4,5,"petite","second",58,634,5786,95859,692,101645,4,56,466,9552,60,10018,"1mill"
4,6,"petite","second",23,655,2693,99787,678,102480,2,58,210,9817,60,10027,"1mill"
4,7,"petite","second",18,640,1739,98635,658,100374,1,65,126,9955,66,10081,"1mill"
4,8,"petite","second",13,651,1417,98813,664,100230,2,60,243,9879,62,10122,"1mill"
4,9,"petite","second",14,660,1236,97927,674,99163,2,67,118,9937,69,10055,"1mill"
1,1,"petite","second",388,412,37359,63077,800,100436,29,41,3220,6859,70,10079,"1mill"
1,2,"petite","second",217,526,20810,81550,743,102360,20,50,1939,8141,70,10080,"1mill"
1,3,"petite","second",141,565,13893,85585,706,99478,15,51,1611,8499,66,10110,"1mill"
1,4,"petite","second",104,604,10138,93451,708,103589,7,57,682,9401,64,10083,"1mill"
1,5,"petite","second",45,645,4477,100430,690,104907,4,59,289,9772,63,10061,"1mill"
1,6,"petite","second",17,652,1617,98457,669,100074,1,58,53,9947,59,10000,"1mill"
34,1,"petite","second",396,413,39112,63933,809,103045,39,37,4011,6053,76,10064,"1mill"
34,2,"petite","second",296,488,28599,74825,784,103424,17,49,1639,8365,66,10004,"1mill"
34,3,"petite","second",96,612,10232,92228,708,102460,8,55,1024,9082,63,10106,"1mill"
28,1,"petite","second",387,413,39204,63741,800,102945,34,38,3865,6166,72,10031,"1mill"
28,2,"petite","second",278,482,28505,72312,760,100817,21,51,2028,8165,72,10193,"1mill"
28,3,"petite","second",143,562,14990,87200,705,102190,15,50,1710,8292,65,10002,"1mill"
28,4,"petite","second",131,586,12509,90342,717,102851,6,59,636,9538,65,10174,"1mill"
28,5,"petite","second",48,630,5031,94352,678,99383,4,57,477,9543,61,10020,"1mill"
28,6,"petite","second",31,644,3073,98688,675,101761,2,62,244,9757,64,10001,"1mill"
15,1,"petite","second",400,410,40486,64930,810,105416,26,41,2974,7088,67,10062,"1mill"
15,2,"petite","second",219,530,20309,80458,749,100767,11,55,958,9224,66,10182,"1mill"
15,3,"petite","second",74,613,7519,94785,687,102304,5,55,447,9584,60,10031,"1mill"
15,4,"petite","second",21,663,2026,103553,684,105579,4,60,418,9584,64,10002,"1mill"
21,1,"petite","second",378,431,36288,66408,809,102696,33,38,3530,6583,71,10113,"1mill"
21,2,"petite","second",261,482,25197,73334,743,98531,22,47,2138,7914,69,10052,"1mill"
21,3,"petite","second",166,560,16630,88426,726,105056,11,50,1249,8752,61,10001,"1mill"
21,4,"petite","second",76,623,8051,94564,699,102615,2,64,403,9799,66,10202,"1mill"
21,5,"petite","second",28,645,2755,98922,673,101677,3,66,245,9917,69,10162,"1mill"
25,1,"petite","second",387,418,36900,67051,805,103951,30,42,3196,6804,72,10000,"1mill"
25,2,"petite","second",244,516,24827,78274,760,103101,21,47,2426,7686,68,10112,"1mill"
25,3,"petite","second",153,575,15080,88570,728,103650,9,57,872,9167,66,10039,"1mill"
25,4,"petite","second",67,619,6392,94189,686,100581,5,63,408,9828,68,10236,"1mill"
25,5,"petite","second",30,648,3153,99660,678,102813,1,56,96,9968,57,10064,"1mill"
31,1,"petite","second",396,403,38739,60070,799,98809,35,45,3684,6622,80,10306,"1mill"
31,2,"petite","second",283,476,28122,73697,759,101819,22,49,2121,7939,71,10060,"1mill"
31,3,"petite","second",167,557,17113,85861,724,102974,14,56,1513,8547,70,10060,"1mill"
31,4,"petite","second",129,575,13101,89249,704,102350,9,50,1126,8906,59,10032,"1mill"
31,5,"petite","second",66,636,6595,97025,702,103620,6,57,564,9452,63,10016,"1mill"
31,6,"petite","second",39,643,3941,97717,682,101658,2,66,145,9997,68,10142,"1mill"
12,1,"petite","second",353,454,34985,69224,807,104209,33,44,3530,6535,77,10065,"1mill"
12,2,"petite","second",265,493,25859,74803,758,100662,16,58,1914,8103,74,10017,"1mill"
12,3,"petite","second",139,581,14180,88003,720,102183,18,51,1772,8341,69,10113,"1mill"
12,4,"petite","second",118,590,11084,90700,708,101784,6,54,811,9225,60,10036,"1mill"
12,5,"petite","second",71,608,7058,93238,679,100296,2,56,237,9892,58,10129,"1mill"
9,1,"petite","second",372,429,37554,63736,801,101290,28,40,3358,6688,68,10046,"1mill"
9,2,"petite","second",241,510,22701,79185,751,101886,13,53,1144,8897,66,10041,"1mill"
29,1,"petite","second",378,433,37590,64624,811,102214,28,40,3550,6550,68,10100,"1mill"
29,2,"petite","second",252,514,25005,81212,766,106217,20,48,1896,8329,68,10225,"1mill"
29,3,"petite","second",149,564,14647,88420,713,103067,8,56,824,9291,64,10115,"1mill"
29,4,"petite","second",64,621,6157,95444,685,101601,4,61,543,9480,65,10023,"1mill"
29,5,"petite","second",34,647,3373,98254,681,101627,2,65,298,9926,67,10224,"1mill"
29,6,"petite","second",15,661,1444,100747,676,102191,1,61,45,10107,62,10152,"1mill"
29,7,"petite","second",2,663,210,102035,665,102245,1,62,118,9947,63,10065,"1mill"
29,8,"petite","second",6,663,637,103041,669,103678,1,63,66,10041,64,10107,"1mill"
45,1,"petite","second",375,419,35932,66203,794,102135,30,45,2676,7457,75,10133,"1mill"
45,2,"petite","second",173,556,17074,85847,729,102921,12,50,1332,8738,62,10070,"1mill"
45,3,"petite","second",95,607,9421,93453,702,102874,7,55,804,9250,62,10054,"1mill"
45,4,"petite","second",54,622,5179,96881,676,102060,2,53,246,9799,55,10045,"1mill"
45,5,"petite","second",21,647,1870,95252,668,97122,3,59,270,9738,62,10008,"1mill"
45,6,"petite","second",20,663,2242,100899,683,103141,1,58,143,9907,59,10050,"1mill"
37,1,"petite","second",373,435,35497,67055,808,102552,34,40,3750,6377,74,10127,"1mill"
37,2,"petite","second",275,496,26965,76909,771,103874,19,49,2085,8020,68,10105,"1mill"
37,3,"petite","second",163,566,16274,85996,729,102270,17,52,1789,8282,69,10071,"1mill"
37,4,"petite","second",117,579,12191,88131,696,100322,11,54,1336,8854,65,10190,"1mill"
37,5,"petite","second",96,602,9521,93230,698,102751,8,58,876,9137,66,10013,"1mill"
37,6,"petite","second",59,619,5776,96880,678,102656,3,59,438,10003,62,10441,"1mill"
37,7,"petite","second",23,647,2363,99805,670,102168,1,57,46,10052,58,10098,"1mill"
42,1,"petite","second",407,400,40590,60578,807,101168,26,41,3158,6974,67,10132,"1mill"
42,2,"petite","second",229,523,21418,78716,752,100134,15,50,1777,8418,65,10195,"1mill"
42,3,"petite","second",125,579,12382,90176,704,102558,12,47,1432,8599,59,10031,"1mill"
42,4,"petite","second",96,609,9578,94328,705,103906,5,56,431,9580,61,10011,"1mill"
42,5,"petite","second",29,657,3331,100556,686,103887,3,57,286,9719,60,10005,"1mill"
42,6,"petite","second",16,665,1651,100535,681,102186,1,65,178,9960,66,10138,"1mill"
42,7,"petite","second",9,661,853,101264,670,102117,2,60,276,9896,62,10172,"1mill"
42,8,"petite","second",27,641,2900,96491,668,99391,1,61,99,10017,62,10116,"1mill"
22,1,"petite","second",384,411,36739,60783,795,97522,27,46,2622,7488,73,10110,"1mill"
22,2,"petite","second",192,533,18849,83876,725,102725,19,51,2121,7933,70,10054,"1mill"
22,3,"petite","second",134,580,12845,90834,714,103679,5,57,446,9592,62,10038,"1mill"
22,4,"petite","second",28,657,2643,100244,685,102887,1,63,165,9836,64,10001,"1mill"
18,1,"petite","second",404,399,40353,60596,803,100949,23,42,2721,7425,65,10146,"1mill"
18,2,"petite","second",186,541,18380,84099,727,102479,17,52,2278,7739,69,10017,"1mill"
18,3,"petite","second",161,558,15841,84480,719,100321,10,52,1034,9055,62,10089,"1mill"
18,4,"petite","second",65,627,5880,93653,692,99533,5,64,570,9462,69,10032,"1mill"
18,5,"petite","second",56,626,5425,97612,682,103037,5,60,497,9679,65,10176,"1mill"
41,1,"petite","second",392,398,38914,62916,790,101830,29,42,3123,6881,71,10004,"1mill"
41,2,"petite","second",228,513,23132,77909,741,101041,19,49,2148,7930,68,10078,"1mill"
41,3,"petite","second",161,560,15977,86553,721,102530,12,50,1364,8910,62,10274,"1mill"
41,4,"petite","second",106,590,11049,90777,696,101826,7,56,788,9372,63,10160,"1mill"
41,5,"petite","second",54,640,5426,97546,694,102972,4,62,309,9730,66,10039,"1mill"
40,1,"petite","second",370,433,35036,67608,803,102644,25,48,2378,7625,73,10003,"1mill"
40,2,"petite","second",154,564,15194,86048,718,101242,8,54,931,9078,62,10009,"1mill"
40,3,"petite","second",78,602,7832,91758,680,99590,3,59,233,9843,62,10076,"1mill"
6,1,"petite","second",372,433,36008,68922,805,104930,25,45,2939,7107,70,10046,"1mill"
6,2,"petite","second",231,510,22522,79603,741,102125,17,45,1906,8223,62,10129,"1mill"
6,3,"petite","second",133,568,13381,86912,701,100293,8,56,1020,9179,64,10199,"1mill"
6,4,"petite","second",63,632,6257,97167,695,103424,4,65,313,9696,69,10009,"1mill"
6,5,"petite","second",22,656,2339,100029,678,102368,1,61,232,9906,62,10138,"1mill"
6,6,"petite","second",20,655,2098,98561,675,100659,3,64,277,9731,67,10008,"1mill"
6,7,"petite","second",10,653,829,99111,663,99940,1,60,59,10069,61,10128,"1mill"
46,1,"petite","second",395,400,37951,59856,795,97807,36,40,3530,6522,76,10052,"1mill"
46,2,"petite","second",253,516,24553,77911,769,102464,14,58,1469,8567,72,10036,"1mill"
46,3,"petite","second",109,588,11006,91441,697,102447,11,57,1058,8979,68,10037,"1mill"
46,4,"petite","second",72,604,6933,92923,676,99856,7,56,946,9156,63,10102,"1mill"
46,5,"petite","second",54,635,5234,98734,689,103968,4,53,402,9630,57,10032,"1mill"
43,1,"petite","second",374,419,36590,65426,793,102016,28,40,2709,7331,68,10040,"1mill"
43,2,"petite","second",176,563,17104,88592,739,105696,8,51,847,9158,59,10005,"1mill"
43,3,"petite","second",60,626,6359,95767,686,102126,6,58,528,9617,64,10145,"1mill"
43,4,"petite","second",38,637,3910,97217,675,101127,4,57,475,9592,61,10067,"1mill"
43,5,"petite","second",36,650,3825,100471,686,104296,2,62,129,9945,64,10074,"1mill"
43,6,"petite","second",6,667,603,99702,673,100305,1,65,91,9942,66,10033,"1mill"
44,1,"petite","second",387,413,37206,66382,800,103588,21,47,1905,8275,68,10180,"1mill"
44,2,"petite","second",130,576,13274,88136,706,101410,8,59,742,9385,67,10127,"1mill"
44,3,"petite","second",51,636,5241,97659,687,102900,3,62,351,9698,65,10049,"1mill"
44,4,"petite","second",27,655,2990,100008,682,102998,2,60,288,9864,62,10152,"1mill"
2,1,"petite","second",401,407,39603,61302,808,100905,30,40,3213,6900,70,10113,"1mill"
2,2,"petite","second",229,525,21448,80394,754,101842,19,53,1840,8171,72,10011,"1mill"
2,3,"petite","second",118,606,11416,93992,724,105408,2,57,224,9846,59,10070,"1mill"
2,4,"petite","second",13,659,1125,100231,672,101356,4,56,364,9669,60,10033,"1mill"
2,5,"petite","second",26,657,2362,100965,683,103327,1,62,62,9979,63,10041,"1mill"
2,6,"petite","second",4,658,497,101732,662,102229,1,67,137,10080,68,10217,"1mill"
48,1,"petite","second",377,423,35964,64516,800,100480,29,41,2705,7527,70,10232,"1mill"
48,2,"petite","second",179,556,18725,84410,735,103135,18,52,2183,7880,70,10063,"1mill"
48,3,"petite","second",157,564,14864,87017,721,101881,12,55,1538,8660,67,10198,"1mill"
48,4,"petite","second",99,591,9952,89217,690,99169,4,61,439,9635,65,10074,"1mill"
48,5,"petite","second",22,655,2415,99842,677,102257,4,61,398,9764,65,10162,"1mill"
48,6,"petite","second",27,646,2964,98294,673,101258,3,59,454,9549,62,10003,"1mill"
48,7,"petite","second",34,644,3231,96991,678,100222,2,64,213,9868,66,10081,"1mill"
10,1,"petite","second",363,429,35068,65996,792,101064,31,45,3373,6823,76,10196,"1mill"
10,2,"petite","second",257,491,26292,74361,748,100653,18,49,2134,7894,67,10028,"1mill"
10,3,"petite","second",146,574,14369,87181,720,101550,18,47,1560,8507,65,10067,"1mill"
10,4,"petite","second",115,593,11514,90085,708,101599,13,54,1760,8421,67,10181,"1mill"
10,5,"petite","second",129,585,13078,88401,714,101479,11,53,1253,8794,64,10047,"1mill"
10,6,"petite","second",75,622,7286,98899,697,106185,4,57,442,9783,61,10225,"1mill"
10,7,"petite","second",26,650,2466,101141,676,103607,3,54,300,9846,57,10146,"1mill"
10,8,"petite","second",22,644,2221,98953,666,101174,2,62,190,9846,64,10036,"1mill"
10,9,"petite","second",10,650,1225,98645,660,99870,1,58,165,9894,59,10059,"1mill"
32,1,"petite","second",371,430,37280,67472,801,104752,28,38,3144,6975,66,10119,"1mill"
32,2,"petite","second",242,503,23452,77031,745,100483,16,54,1491,8852,70,10343,"1mill"
32,3,"petite","second",104,600,10055,92236,704,102291,11,55,1088,8948,66,10036,"1mill"
32,4,"petite","second",73,611,6930,94412,684,101342,8,55,682,9378,63,10060,"1mill"
32,5,"petite","second",49,634,4720,96168,683,100888,4,56,467,9599,60,10066,"1mill"
32,6,"petite","second",36,651,3627,98870,687,102497,1,60,68,10118,61,10186,"1mill"
7,1,"petite","second",391,416,38423,64024,807,102447,25,44,3015,7018,69,10033,"1mill"
7,2,"petite","second",211,526,20428,81455,737,101883,22,53,2337,7748,75,10085,"1mill"
7,3,"petite","second",162,564,16305,86133,726,102438,11,56,1123,8915,67,10038,"1mill"
7,4,"petite","second",71,611,6971,93411,682,100382,2,58,222,9849,60,10071,"1mill"
7,5,"petite","second",18,648,2028,97074,666,99102,3,64,269,9737,67,10006,"1mill"
7,6,"petite","second",18,667,1774,103233,685,105007,2,61,134,10181,63,10315,"1mill"
33,1,"petite","second",366,440,36790,66025,806,102815,32,46,3385,6739,78,10124,"1mill"
33,2,"petite","second",265,481,25725,74717,746,100442,20,45,2376,7699,65,10075,"1mill"
33,3,"petite","second",182,547,18761,81787,729,100548,15,56,1532,8485,71,10017,"1mill"
33,4,"petite","second",93,602,9115,94358,695,103473,5,57,571,9503,62,10074,"1mill"
33,5,"petite","second",31,658,3179,100096,689,103275,3,58,352,9735,61,10087,"1mill"
33,6,"petite","second",24,642,2636,97315,666,99951,1,63,168,9859,64,10027,"1mill"
30,1,"petite","second",399,410,38432,62695,809,101127,25,45,2550,7457,70,10007,"1mill"
30,2,"petite","second",184,535,18597,80834,719,99431,7,60,663,9407,67,10070,"1mill"
30,3,"petite","second",43,641,4007,97998,684,102005,6,56,668,9469,62,10137,"1mill"
30,4,"petite","second",55,620,5351,95485,675,100836,5,60,486,9520,65,10006,"1mill"
30,5,"petite","second",35,646,3618,98240,681,101858,2,64,267,9795,66,10062,"1mill"
27,1,"petite","second",362,439,35867,68596,801,104463,28,41,3039,7000,69,10039,"1mill"
27,2,"petite","second",225,514,22506,77016,739,99522,23,54,2259,7935,77,10194,"1mill"
27,3,"petite","second",147,568,14521,88499,715,103020,10,57,989,9082,67,10071,"1mill"
27,4,"petite","second",71,612,7300,93236,683,100536,5,63,510,9646,68,10156,"1mill"
27,5,"petite","second",32,636,3176,98531,668,101707,2,58,203,10095,60,10298,"1mill"
47,1,"petite","second",408,384,38695,59928,792,98623,22,49,2088,7990,71,10078,"1mill"
47,2,"petite","second",145,575,14089,88043,720,102132,9,53,1153,9046,62,10199,"1mill"
47,3,"petite","second",76,617,7596,95219,693,102815,3,57,401,9866,60,10267,"1mill"
49,1,"petite","second",376,434,36041,67452,810,103493,25,42,2760,7342,67,10102,"1mill"
49,2,"petite","second",196,533,19763,79827,729,99590,14,51,1423,8653,65,10076,"1mill"
49,3,"petite","second",83,616,8427,94589,699,103016,6,60,529,9592,66,10121,"1mill"
49,4,"petite","second",31,639,2873,98083,670,100956,3,62,205,9884,65,10089,"1mill"
49,5,"petite","second",14,654,1429,98836,668,100265,1,61,126,9884,62,10010,"1mill"
49,6,"petite","second",7,653,665,99449,660,100114,2,63,229,9800,65,10029,"1mill"
49,7,"petite","second",16,652,1671,101528,668,103199,1,60,222,9801,61,10023,"1mill"
49,8,"petite","second",15,665,1767,100641,680,102408,2,62,184,9879,64,10063,"1mill"
49,9,"petite","second",9,660,830,99455,669,100285,2,66,293,9859,68,10152,"1mill"
49,10,"petite","second",17,655,1683,100129,672,101812,1,63,132,9904,64,10036,"1mill"
24,1,"petite","second",391,423,37366,65062,814,102428,18,44,2019,7992,62,10011,"1mill"
24,2,"petite","second",167,552,16549,82774,719,99323,13,48,1354,8686,61,10040,"1mill"
24,3,"petite","second",86,621,8627,93802,707,102429,8,61,721,9296,69,10017,"1mill"
24,4,"petite","second",30,651,2762,101478,681,104240,5,54,570,9430,59,10000,"1mill"
24,5,"petite","second",44,633,4721,98053,677,102774,1,58,222,9804,59,10026,"1mill"
20,1,"petite","second",376,419,38187,63873,795,102060,39,38,3949,6062,77,10011,"1mill"
20,2,"petite","second",298,461,28956,72356,759,101312,22,43,2537,7522,65,10059,"1mill"
20,3,"petite","second",170,555,16972,83697,725,100669,16,55,1557,8558,71,10115,"1mill"
20,4,"petite","second",99,608,10409,92257,707,102666,8,56,827,9213,64,10040,"1mill"
20,5,"petite","second",59,627,5996,95327,686,101323,4,58,480,9540,62,10020,"1mill"
20,6,"petite","second",46,638,4802,95725,684,100527,6,61,700,9518,67,10218,"1mill"
20,7,"petite","second",55,623,5442,95332,678,100774,3,63,235,9770,66,10005,"1mill"
20,8,"petite","second",16,658,1806,100662,674,102468,3,55,444,9609,58,10053,"1mill"
20,9,"petite","second",28,649,2724,100257,677,102981,3,57,343,9668,60,10011,"1mill"
20,10,"petite","second",22,658,2298,102959,680,105257,1,59,117,10084,60,10201,"1mill"
26,1,"petite","second",383,424,36944,64656,807,101600,20,50,2186,7890,70,10076,"1mill"
26,2,"petite","second",157,566,15511,86692,723,102203,9,56,1052,9006,65,10058,"1mill"
26,3,"petite","second",72,607,7024,93911,679,100935,5,55,452,9803,60,10255,"1mill"
26,4,"petite","second",33,645,3078,99018,678,102096,4,63,389,9636,67,10025,"1mill"
26,5,"petite","second",40,643,3818,98578,683,102396,4,63,400,9780,67,10180,"1mill"
26,6,"petite","second",33,634,3248,98872,667,102120,1,60,70,10156,61,10226,"1mill"
26,7,"petite","second",7,656,573,98574,663,99147,2,62,122,9938,64,10060,"1mill"
17,1,"petite","second",394,404,37897,62982,798,100879,27,46,2843,7174,73,10017,"1mill"
17,2,"petite","second",202,539,19706,82337,741,102043,16,51,1447,8557,67,10004,"1mill"
17,3,"petite","second",99,598,10395,92896,697,103291,6,58,753,9444,64,10197,"1mill"
17,4,"petite","second",44,631,4110,97139,675,101249,1,53,68,9976,54,10044,"1mill"
11,1,"petite","second",418,401,40540,59673,819,100213,39,35,4221,5837,74,10058,"1mill"
11,2,"petite","second",315,472,30093,73702,787,103795,21,48,2158,7854,69,10012,"1mill"
11,3,"petite","second",156,561,15535,86804,717,102339,11,53,1133,8889,64,10022,"1mill"
11,4,"petite","second",69,630,7331,96739,699,104070,4,62,420,9710,66,10130,"1mill"
11,5,"petite","second",22,649,2711,97396,671,100107,2,61,180,9841,63,10021,"1mill"
11,6,"petite","second",10,658,1064,99791,668,100855,1,59,81,10179,60,10260,"1mill"
50,1,"petite","second",377,422,36247,65489,799,101736,25,42,2719,7293,67,10012,"1mill"
50,2,"petite","second",187,551,17788,83951,738,101739,12,53,1085,8919,65,10004,"1mill"
50,3,"petite","second",64,636,6415,96992,700,103407,5,52,525,9530,57,10055,"1mill"
50,4,"petite","second",33,654,3332,99064,687,102396,3,63,387,9700,66,10087,"1mill"
50,5,"petite","second",30,655,3114,99234,685,102348,2,60,307,9887,62,10194,"1mill"
13,1,"petite","second",349,447,34720,68901,796,103621,33,40,3418,6808,73,10226,"1mill"
13,2,"petite","second",235,511,23558,78433,746,101991,15,52,1634,8583,67,10217,"1mill"
13,3,"petite","second",110,581,11026,88494,691,99520,6,53,622,9467,59,10089,"1mill"
13,4,"petite","second",30,657,2951,100653,687,103604,2,61,134,9879,63,10013,"1mill"
13,5,"petite","second",10,647,1049,100015,657,101064,1,57,170,9870,58,10040,"1mill"
13,6,"petite","second",5,654,528,103215,659,103743,1,59,126,10025,60,10151,"1mill"
13,7,"petite","second",10,656,989,103675,666,104664,1,61,65,10073,62,10138,"1mill"
37,1,"petite","second",3742,4213,367771,637453,7955,1005224,277,435,29011,71115,712,100126,"10mill"
37,2,"petite","second",2150,5230,213495,800539,7380,1014034,162,506,16325,83677,668,100002,"10mill"
37,3,"petite","second",1114,5874,110031,897738,6988,1007769,97,541,10341,89743,638,100084,"10mill"
37,4,"petite","second",669,6126,66048,937751,6795,1003799,54,570,5482,94525,624,100007,"10mill"
37,5,"petite","second",355,6411,34677,981607,6766,1016284,13,601,1698,98469,614,100167,"10mill"
37,6,"petite","second",140,6486,14255,987198,6626,1001453,11,628,1037,99107,639,100144,"10mill"
37,7,"petite","second",58,6556,5839,1003789,6614,1009628,3,618,372,99731,621,100103,"10mill"
37,8,"petite","second",22,6589,2040,997740,6611,999780,4,605,512,99692,609,100204,"10mill"
37,9,"petite","second",36,6581,3177,1002019,6617,1005196,2,595,169,100389,597,100558,"10mill"
37,10,"petite","second",10,6635,1020,1006085,6645,1007105,2,632,166,99886,634,100052,"10mill"
37,11,"petite","second",11,6589,1048,1001703,6600,1002751,1,600,146,99888,601,100034,"10mill"
30,1,"petite","second",3754,4185,365451,636765,7939,1002216,291,423,31373,68678,714,100051,"10mill"
30,2,"petite","second",2265,5110,224027,784955,7375,1008982,150,493,16542,83474,643,100016,"10mill"
30,3,"petite","second",1159,5823,115102,885268,6982,1000370,95,563,9876,90331,658,100207,"10mill"
30,4,"petite","second",646,6153,63234,933916,6799,997150,33,575,3234,96823,608,100057,"10mill"
30,5,"petite","second",213,6567,20489,1004635,6780,1025124,17,589,1729,98325,606,100054,"10mill"
30,6,"petite","second",119,6505,11371,987534,6624,998905,6,614,555,99557,620,100112,"10mill"
30,7,"petite","second",31,6597,3365,1003927,6628,1007292,4,604,696,99313,608,100009,"10mill"
30,8,"petite","second",51,6537,4684,996021,6588,1000705,4,617,563,99519,621,100082,"10mill"
30,9,"petite","second",32,6584,3218,1004827,6616,1008045,3,625,307,99732,628,100039,"10mill"
30,10,"petite","second",23,6611,2615,1006213,6634,1008828,4,596,385,99754,600,100139,"10mill"
30,11,"petite","second",24,6603,2491,1000924,6627,1003415,6,622,449,99583,628,100032,"10mill"
30,12,"petite","second",22,6587,2300,1013053,6609,1015353,1,620,187,99840,621,100027,"10mill"
39,1,"petite","second",3735,4214,368040,646474,7949,1014514,282,411,29913,70382,693,100295,"10mill"
39,2,"petite","second",2186,5244,212520,796465,7430,1008985,170,530,17733,82285,700,100018,"10mill"
39,3,"petite","second",1263,5921,125596,897982,7184,1023578,76,577,7519,92614,653,100133,"10mill"
39,4,"petite","second",492,6340,47674,961726,6832,1009400,34,590,3188,96927,624,100115,"10mill"
39,5,"petite","second",230,6590,23657,1005930,6820,1029587,16,603,1873,98276,619,100149,"10mill"
39,6,"petite","second",112,6499,11336,986091,6611,997427,3,610,382,99689,613,100071,"10mill"
39,7,"petite","second",30,6568,2715,1005578,6598,1008293,1,603,64,99936,604,100000,"10mill"
39,8,"petite","second",3,6610,450,1007050,6613,1007500,1,613,170,100039,614,100209,"10mill"
39,9,"petite","second",6,6615,552,1005796,6621,1006348,1,608,52,100083,609,100135,"10mill"
4,1,"petite","second",3767,4154,368394,634533,7921,1002927,273,428,29372,70629,701,100001,"10mill"
4,2,"petite","second",2172,5195,213683,801052,7367,1014735,150,517,15728,84317,667,100045,"10mill"
4,3,"petite","second",1108,5854,109786,884701,6962,994487,77,556,8425,91649,633,100074,"10mill"
4,4,"petite","second",573,6210,56944,940803,6783,997747,44,591,5022,95053,635,100075,"10mill"
4,5,"petite","second",344,6459,33075,986249,6803,1019324,23,585,2317,97763,608,100080,"10mill"
4,6,"petite","second",139,6453,14485,979122,6592,993607,13,601,1566,98461,614,100027,"10mill"
4,7,"petite","second",118,6482,11913,988592,6600,1000505,6,600,712,99431,606,100143,"10mill"
4,8,"petite","second",39,6585,3944,998843,6624,1002787,7,608,1010,99336,615,100346,"10mill"
4,9,"petite","second",80,6532,7544,995146,6612,1002690,3,622,226,99829,625,100055,"10mill"
4,10,"petite","second",18,6588,1923,999603,6606,1001526,1,602,51,100210,603,100261,"10mill"
3,1,"petite","second",3691,4272,362916,649596,7963,1012512,265,444,27630,72487,709,100117,"10mill"
3,2,"petite","second",1999,5388,197304,820900,7387,1018204,139,516,14174,86016,655,100190,"10mill"
3,3,"petite","second",1025,5976,101395,903977,7001,1005372,71,578,7345,92720,649,100065,"10mill"
3,4,"petite","second",475,6316,47817,966041,6791,1013858,33,572,3382,96654,605,100036,"10mill"
3,5,"petite","second",221,6563,22432,1002504,6784,1024936,16,617,1803,98356,633,100159,"10mill"
3,6,"petite","second",115,6497,12291,992440,6612,1004731,3,598,263,99775,601,100038,"10mill"
3,7,"petite","second",22,6605,2033,1005534,6627,1007567,2,621,285,99834,623,100119,"10mill"
2,1,"petite","second",3736,4201,365170,642711,7937,1007881,300,419,30445,69589,719,100034,"10mill"
2,2,"petite","second",2194,5178,216726,789874,7372,1006600,135,516,14850,85269,651,100119,"10mill"
2,3,"petite","second",973,6011,96273,915345,6984,1011618,85,564,8938,91198,649,100136,"10mill"
2,4,"petite","second",595,6210,59290,948546,6805,1007836,33,578,3382,96622,611,100004,"10mill"
2,5,"petite","second",214,6572,21657,1001296,6786,1022953,16,599,1684,98469,615,100153,"10mill"
2,6,"petite","second",115,6508,12565,993816,6623,1006381,10,599,1141,98966,609,100107,"10mill"
2,7,"petite","second",71,6513,7841,994176,6584,1002017,7,588,892,99304,595,100196,"10mill"
2,8,"petite","second",73,6544,7649,996871,6617,1004520,4,617,499,99617,621,100116,"10mill"
2,9,"petite","second",34,6592,3566,1007109,6626,1010675,1,605,126,100140,606,100266,"10mill"
38,1,"petite","second",3744,4205,364463,637590,7949,1002053,293,419,31364,68657,712,100021,"10mill"
38,2,"petite","second",2265,5105,222632,778355,7370,1000987,160,494,17017,83038,654,100055,"10mill"
38,3,"petite","second",1152,5837,113634,892913,6989,1006547,95,543,9889,90270,638,100159,"10mill"
38,4,"petite","second",712,6109,69516,926445,6821,995961,54,561,5868,94326,615,100194,"10mill"
38,5,"petite","second",401,6395,39513,968557,6796,1008070,25,625,2530,97608,650,100138,"10mill"
38,6,"petite","second",154,6649,15565,1011818,6803,1027383,11,594,1327,98707,605,100034,"10mill"
38,7,"petite","second",85,6506,8713,993637,6591,1002350,10,619,1125,99001,629,100126,"10mill"
38,8,"petite","second",83,6514,7839,998482,6597,1006321,6,619,791,99299,625,100090,"10mill"
38,9,"petite","second",48,6606,4906,996518,6654,1001424,2,617,292,99768,619,100060,"10mill"
38,10,"petite","second",23,6583,2394,1007384,6606,1009778,1,618,119,100044,619,100163,"10mill"
38,11,"petite","second",9,6603,841,1006771,6612,1007612,4,613,300,99782,617,100082,"10mill"
5,1,"petite","second",3736,4220,364001,642184,7956,1006185,292,425,31752,68465,717,100217,"10mill"
5,2,"petite","second",2292,5101,221621,776895,7393,998516,175,499,18609,81433,674,100042,"10mill"
5,3,"petite","second",1344,5842,132194,887493,7186,1019687,98,543,10759,89346,641,100105,"10mill"
5,4,"petite","second",721,6258,71886,956027,6979,1027913,52,580,6044,94079,632,100123,"10mill"
5,5,"petite","second",423,6380,42273,962845,6803,1005118,25,623,2919,97220,648,100139,"10mill"
5,6,"petite","second",221,6603,20869,993696,6824,1014565,6,611,689,99588,617,100277,"10mill"
5,7,"petite","second",46,6598,4392,1002895,6644,1007287,2,618,209,99844,620,100053,"10mill"
5,8,"petite","second",14,6599,1453,1005790,6613,1007243,1,624,70,100126,625,100196,"10mill"
31,1,"petite","second",3695,4222,366078,636400,7917,1002478,266,454,27450,72601,720,100051,"10mill"
31,2,"petite","second",2007,5380,199606,823678,7387,1023284,127,549,13758,86316,676,100074,"10mill"
31,3,"petite","second",941,6047,91055,922507,6988,1013562,67,570,7186,92930,637,100116,"10mill"
31,4,"petite","second",513,6310,49559,953969,6823,1003528,33,592,3603,96500,625,100103,"10mill"
31,5,"petite","second",235,6568,23449,1000420,6803,1023869,11,606,1324,98718,617,100042,"10mill"
31,6,"petite","second",103,6504,9356,992196,6607,1001552,4,623,278,99854,627,100132,"10mill"
31,7,"petite","second",12,6623,1282,1016083,6635,1017365,1,602,83,100063,603,100146,"10mill"
36,1,"petite","second",3713,4221,364361,640214,7934,1004575,274,456,28324,71831,730,100155,"10mill"
36,2,"petite","second",2074,5323,207389,815202,7397,1022591,143,505,15334,84808,648,100142,"10mill"
36,3,"petite","second",1033,5952,99846,914098,6985,1013944,69,555,6822,93296,624,100118,"10mill"
36,4,"petite","second",487,6313,48560,954796,6800,1003356,51,573,5279,94959,624,100238,"10mill"
36,5,"petite","second",358,6473,34807,983359,6831,1018166,27,594,2544,97570,621,100114,"10mill"
36,6,"petite","second",163,6444,16024,981320,6607,997344,13,627,1235,98866,640,100101,"10mill"
36,7,"petite","second",78,6528,7441,995655,6606,1003096,5,617,455,99680,622,100135,"10mill"
36,8,"petite","second",37,6563,3493,1006113,6600,1009606,3,602,247,99846,605,100093,"10mill"
14,1,"petite","second",3756,4229,365905,641790,7985,1007695,311,427,32437,67726,738,100163,"10mill"
14,2,"petite","second",2376,5030,235546,762365,7406,997911,177,489,19196,81039,666,100235,"10mill"
14,3,"petite","second",1368,5833,131967,894588,7201,1026555,103,520,10596,89507,623,100103,"10mill"
14,4,"petite","second",729,6250,72960,952204,6979,1025164,51,571,5538,94632,622,100170,"10mill"
14,5,"petite","second",386,6434,38546,976219,6820,1014765,19,604,2116,98054,623,100170,"10mill"
14,6,"petite","second",148,6468,14707,989815,6616,1004522,19,597,2192,98104,616,100296,"10mill"
14,7,"petite","second",149,6466,13838,981434,6615,995272,4,632,433,99579,636,100012,"10mill"
14,8,"petite","second",24,6572,2776,1002186,6596,1004962,2,603,324,99808,605,100132,"10mill"
13,1,"petite","second",3760,4171,369512,633080,7931,1002592,286,423,30471,69579,709,100050,"10mill"
13,2,"petite","second",2237,5125,222465,780104,7362,1002569,172,504,18412,81621,676,100033,"10mill"
13,3,"petite","second",1278,5912,128126,898817,7190,1026943,89,548,9386,90671,637,100057,"10mill"
13,4,"petite","second",656,6141,62932,934445,6797,997377,47,585,4468,95746,632,100214,"10mill"
13,5,"petite","second",313,6491,31393,988446,6804,1019839,22,603,2584,97429,625,100013,"10mill"
13,6,"petite","second",154,6652,15283,1008092,6806,1023375,8,622,793,99298,630,100091,"10mill"
13,7,"petite","second",57,6550,5372,992531,6607,997903,1,602,159,99881,603,100040,"10mill"
13,8,"petite","second",10,6595,882,1003535,6605,1004417,1,578,80,100085,579,100165,"10mill"
13,9,"petite","second",6,6610,646,1005627,6616,1006273,1,625,162,99912,626,100074,"10mill"
13,10,"petite","second",11,6607,1081,1007815,6618,1008896,2,610,158,99959,612,100117,"10mill"
13,11,"petite","second",12,6598,1374,1000558,6610,1001932,1,637,147,100040,638,100187,"10mill"
13,12,"petite","second",10,6620,1063,1004831,6630,1005894,1,618,56,99995,619,100051,"10mill"
13,13,"petite","second",3,6589,287,1017093,6592,1017380,2,607,216,99869,609,100085,"10mill"
13,14,"petite","second",16,6581,1517,1001154,6597,1002671,1,606,153,99849,607,100002,"10mill"
25,1,"petite","second",3727,4220,364750,643926,7947,1008676,285,440,29787,70244,725,100031,"10mill"
25,2,"petite","second",2229,5156,221528,789072,7385,1010600,172,504,17824,82276,676,100100,"10mill"
25,3,"petite","second",1246,5948,122244,910195,7194,1032439,88,557,9005,91185,645,100190,"10mill"
25,4,"petite","second",565,6237,55742,946991,6802,1002733,30,593,3287,96863,623,100150,"10mill"
25,5,"petite","second",236,6570,22886,999173,6806,1022059,27,582,3021,97026,609,100047,"10mill"
25,6,"petite","second",222,6576,20939,996732,6798,1017671,11,603,1256,98785,614,100041,"10mill"
25,7,"petite","second",73,6545,7074,995635,6618,1002709,3,620,224,99858,623,100082,"10mill"
25,8,"petite","second",17,6597,1673,1009732,6614,1011405,2,621,115,100015,623,100130,"10mill"
25,9,"petite","second",4,6620,378,1003544,6624,1003922,1,604,68,100124,605,100192,"10mill"
25,10,"petite","second",5,6616,689,1005564,6621,1006253,1,626,139,100048,627,100187,"10mill"
22,1,"petite","second",3711,4240,359433,646196,7951,1005629,279,434,29597,70472,713,100069,"10mill"
22,2,"petite","second",2158,5217,213729,793654,7375,1007383,158,499,16969,83060,657,100029,"10mill"
22,3,"petite","second",1203,5794,118507,884828,6997,1003335,84,551,8741,91313,635,100054,"10mill"
22,4,"petite","second",599,6183,60663,945491,6782,1006154,34,582,3363,96809,616,100172,"10mill"
22,5,"petite","second",224,6606,22968,999783,6830,1022751,21,600,2576,97464,621,100040,"10mill"
22,6,"petite","second",193,6623,18407,1012123,6816,1030530,21,608,2017,98141,629,100158,"10mill"
22,7,"petite","second",117,6497,11337,992637,6614,1003974,9,603,1135,99029,612,100164,"10mill"
22,8,"petite","second",54,6581,5768,1000538,6635,1006306,3,620,416,99599,623,100015,"10mill"
22,9,"petite","second",26,6599,2992,1004583,6625,1007575,4,623,605,99591,627,100196,"10mill"
22,10,"petite","second",37,6578,3616,1001688,6615,1005304,3,613,292,99807,616,100099,"10mill"
22,11,"petite","second",13,6607,1413,1005525,6620,1006938,2,612,221,99800,614,100021,"10mill"
22,12,"petite","second",13,6595,1349,1009217,6608,1010566,2,610,261,99837,612,100098,"10mill"
22,13,"petite","second",21,6594,2008,1005795,6615,1007803,3,604,290,99930,607,100220,"10mill"
22,14,"petite","second",15,6602,1618,1005583,6617,1007201,2,606,318,99887,608,100205,"10mill"
49,1,"petite","second",3743,4179,371350,638939,7922,1010289,267,433,29201,71164,700,100365,"10mill"
49,2,"petite","second",2104,5277,209751,810051,7381,1019802,149,503,16574,83514,652,100088,"10mill"
49,3,"petite","second",1092,5899,108613,900686,6991,1009299,77,538,9255,90877,615,100132,"10mill"
49,4,"petite","second",633,6175,63150,948809,6808,1011959,41,594,4986,95017,635,100003,"10mill"
49,5,"petite","second",338,6446,34592,988916,6784,1023508,30,603,2950,97261,633,100211,"10mill"
49,6,"petite","second",193,6402,18684,977756,6595,996440,17,612,1771,98240,629,100011,"10mill"
49,7,"petite","second",123,6494,12312,987895,6617,1000207,16,590,1638,98486,606,100124,"10mill"
49,8,"petite","second",114,6494,11054,985967,6608,997021,14,586,1412,98774,600,100186,"10mill"
49,9,"petite","second",97,6519,9332,992521,6616,1001853,4,619,463,99594,623,100057,"10mill"
49,10,"petite","second",29,6589,2938,1000784,6618,1003722,6,611,542,99489,617,100031,"10mill"
49,11,"petite","second",35,6584,3107,1000913,6619,1004020,2,605,156,99981,607,100137,"10mill"
49,12,"petite","second",10,6623,774,1004803,6633,1005577,2,613,160,99941,615,100101,"10mill"
47,1,"petite","second",3734,4211,367912,636706,7945,1004618,308,435,31399,68706,743,100105,"10mill"
47,2,"petite","second",2279,5084,224696,783832,7363,1008528,178,501,18942,81093,679,100035,"10mill"
47,3,"petite","second",1338,5854,132271,893092,7192,1025363,93,561,10153,89871,654,100024,"10mill"
47,4,"petite","second",687,6297,67699,960184,6984,1027883,54,576,5618,94730,630,100348,"10mill"
47,5,"petite","second",409,6407,39306,980958,6816,1020264,22,603,2131,97880,625,100011,"10mill"
47,6,"petite","second",153,6639,15060,996361,6792,1011421,10,608,1029,99187,618,100216,"10mill"
47,7,"petite","second",60,6547,6162,981875,6607,988037,2,631,247,99908,633,100155,"10mill"
47,8,"petite","second",13,6629,1165,1011128,6642,1012293,1,604,123,99960,605,100083,"10mill"
47,9,"petite","second",9,6612,854,1006051,6621,1006905,1,612,55,100005,613,100060,"10mill"
40,1,"petite","second",3777,4178,365718,634021,7955,999739,279,444,28574,71546,723,100120,"10mill"
40,2,"petite","second",2025,5355,197695,814536,7380,1012231,159,502,15728,84379,661,100107,"10mill"
40,3,"petite","second",1112,5866,109982,888767,6978,998749,65,553,7719,92495,618,100214,"10mill"
40,4,"petite","second",502,6308,50617,957978,6810,1008595,37,594,3860,96153,631,100013,"10mill"
40,5,"petite","second",261,6542,26364,999652,6803,1026016,21,600,2210,97832,621,100042,"10mill"
40,6,"petite","second",132,6490,13008,983561,6622,996569,7,604,707,99413,611,100120,"10mill"
40,7,"petite","second",45,6574,4563,1002173,6619,1006736,1,622,141,99965,623,100106,"10mill"
23,1,"petite","second",3790,4179,374200,635456,7969,1009656,303,427,31727,68429,730,100156,"10mill"
23,2,"petite","second",2293,5079,228844,776608,7372,1005452,166,505,17963,82263,671,100226,"10mill"
23,3,"petite","second",1248,5945,124300,901582,7193,1025882,92,564,10061,90140,656,100201,"10mill"
23,4,"petite","second",648,6147,65371,938012,6795,1003383,48,565,5367,94683,613,100050,"10mill"
23,5,"petite","second",359,6438,36013,979194,6797,1015207,20,588,2054,98155,608,100209,"10mill"
23,6,"petite","second",147,6477,13644,984905,6624,998549,12,619,959,99051,631,100010,"10mill"
23,7,"petite","second",66,6545,6908,995244,6611,1002152,8,591,908,99097,599,100005,"10mill"
23,8,"petite","second",65,6516,6364,997420,6581,1003784,2,604,215,100071,606,100286,"10mill"
24,1,"petite","second",3804,4154,369829,627452,7958,997281,279,438,28445,71678,717,100123,"10mill"
24,2,"petite","second",2059,5317,201660,810199,7376,1011859,146,515,16689,83473,661,100162,"10mill"
24,3,"petite","second",1142,5840,111877,894055,6982,1005932,79,530,8481,91549,609,100030,"10mill"
24,4,"petite","second",568,6243,56586,946621,6811,1003207,49,572,5607,94554,621,100161,"10mill"
24,5,"petite","second",376,6449,36165,978076,6825,1014241,28,603,2779,97296,631,100075,"10mill"
24,6,"petite","second",194,6610,19290,1002307,6804,1021597,15,597,1574,98583,612,100157,"10mill"
24,7,"petite","second",109,6523,10708,991514,6632,1002222,3,602,354,99744,605,100098,"10mill"
24,8,"petite","second",25,6596,2590,1005452,6621,1008042,5,611,463,99592,616,100055,"10mill"
24,9,"petite","second",27,6588,2730,1001880,6615,1004610,1,610,71,100076,611,100147,"10mill"
12,1,"petite","second",3792,4156,369018,633907,7948,1002925,278,433,29758,70593,711,100351,"10mill"
12,2,"petite","second",2170,5238,214615,797227,7408,1011842,163,524,16601,83438,687,100039,"10mill"
12,3,"petite","second",1121,5881,110756,889557,7002,1000313,90,567,8740,91406,657,100146,"10mill"
12,4,"petite","second",583,6215,58075,943873,6798,1001948,40,584,4161,95922,624,100083,"10mill"
12,5,"petite","second",292,6520,28965,990802,6812,1019767,17,622,1632,98604,639,100236,"10mill"
12,6,"petite","second",109,6519,10597,988644,6628,999241,9,598,913,99182,607,100095,"10mill"
12,7,"petite","second",63,6562,6843,993133,6625,999976,3,610,294,99806,613,100100,"10mill"
15,1,"petite","second",3798,4134,374369,624867,7932,999236,299,414,32729,67516,713,100245,"10mill"
15,2,"petite","second",2404,5195,237703,793332,7599,1031035,155,493,17227,82788,648,100015,"10mill"
15,3,"petite","second",1106,5886,109829,894783,6992,1004612,75,556,8348,91728,631,100076,"10mill"
15,4,"petite","second",525,6270,51990,948969,6795,1000959,34,599,3697,96323,633,100020,"10mill"
15,5,"petite","second",242,6556,22400,996679,6798,1019079,12,599,1210,98868,611,100078,"10mill"
15,6,"petite","second",91,6491,9091,994576,6582,1003667,10,589,1127,98897,599,100024,"10mill"
15,7,"petite","second",79,6542,7876,998970,6621,1006846,6,601,573,99517,607,100090,"10mill"
15,8,"petite","second",39,6572,3945,1006988,6611,1010933,2,595,245,99770,597,100015,"10mill"
15,9,"petite","second",17,6562,1432,997754,6579,999186,1,629,68,100082,630,100150,"10mill"
41,1,"petite","second",3776,4195,365933,637539,7971,1003472,291,418,31241,68881,709,100122,"10mill"
41,2,"petite","second",2252,5127,223589,783989,7379,1007578,139,528,14794,85352,667,100146,"10mill"
41,3,"petite","second",976,6007,95067,914290,6983,1009357,68,570,6841,93455,638,100296,"10mill"
41,4,"petite","second",440,6370,43916,973735,6810,1017651,31,578,3884,96288,609,100172,"10mill"
41,5,"petite","second",216,6580,22688,1004530,6796,1027218,17,611,1696,98631,628,100327,"10mill"
41,6,"petite","second",119,6503,11837,985037,6622,996874,6,604,645,99507,610,100152,"10mill"
41,7,"petite","second",37,6568,3046,1002147,6605,1005193,1,616,131,100203,617,100334,"10mill"
41,8,"petite","second",13,6606,1232,1007509,6619,1008741,1,595,65,100119,596,100184,"10mill"
46,1,"petite","second",3806,4138,373802,631117,7944,1004919,277,429,29428,70688,706,100116,"10mill"
46,2,"petite","second",2115,5260,209919,799501,7375,1009420,160,507,16908,83270,667,100178,"10mill"
46,3,"petite","second",1198,5809,119233,890028,7007,1009261,91,540,9186,90821,631,100007,"10mill"
46,4,"petite","second",645,6125,64944,937142,6770,1002086,44,576,4740,95288,620,100028,"10mill"
46,5,"petite","second",312,6468,30012,990454,6780,1020466,22,591,1889,98187,613,100076,"10mill"
46,6,"petite","second",120,6489,12182,988950,6609,1001132,6,606,579,99513,612,100092,"10mill"
46,7,"petite","second",41,6574,3787,1000987,6615,1004774,2,607,225,99784,609,100009,"10mill"
46,8,"petite","second",15,6592,1428,1004083,6607,1005511,1,608,91,99918,609,100009,"10mill"
48,1,"petite","second",3769,4188,367005,635091,7957,1002096,269,436,28324,71734,705,100058,"10mill"
48,2,"petite","second",2075,5306,209411,801562,7381,1010973,161,513,16568,83486,674,100054,"10mill"
48,3,"petite","second",1129,5861,112349,897070,6990,1009419,77,539,8299,91759,616,100058,"10mill"
48,4,"petite","second",563,6256,54972,955498,6819,1010470,40,592,4591,95439,632,100030,"10mill"
48,5,"petite","second",302,6504,30104,987101,6806,1017205,14,598,1452,98655,612,100107,"10mill"
48,6,"petite","second",97,6522,9097,994400,6619,1003497,5,606,431,99658,611,100089,"10mill"
48,7,"petite","second",25,6582,2499,1003493,6607,1005992,3,610,318,99725,613,100043,"10mill"
48,8,"petite","second",28,6593,2822,1003735,6621,1006557,1,608,57,100030,609,100087,"10mill"
33,1,"petite","second",3775,4160,372247,632623,7935,1004870,292,415,32018,68034,707,100052,"10mill"
33,2,"petite","second",2372,5212,233062,789225,7584,1022287,177,508,18740,81331,685,100071,"10mill"
33,3,"petite","second",1364,5845,132969,883632,7209,1016601,83,550,8920,91113,633,100033,"10mill"
33,4,"petite","second",578,6212,57207,944233,6790,1001440,42,577,4623,95434,619,100057,"10mill"
33,5,"petite","second",289,6503,29297,983805,6792,1013102,16,604,1632,98405,620,100037,"10mill"
33,6,"petite","second",110,6495,10723,990278,6605,1001001,9,628,887,99179,637,100066,"10mill"
33,7,"petite","second",40,6556,4172,998099,6596,1002271,2,613,293,99749,615,100042,"10mill"
33,8,"petite","second",19,6582,1835,1002451,6601,1004286,1,618,141,99881,619,100022,"10mill"
9,1,"petite","second",3784,4123,373530,629159,7907,1002689,286,417,31305,68807,703,100112,"10mill"
9,2,"petite","second",2295,5077,226345,782944,7372,1009289,151,500,16316,83899,651,100215,"10mill"
9,3,"petite","second",1174,5846,116172,889815,7020,1005987,81,565,9063,90940,646,100003,"10mill"
9,4,"petite","second",584,6199,58096,944789,6783,1002885,46,565,5325,94763,611,100088,"10mill"
9,5,"petite","second",332,6423,33037,975435,6755,1008472,23,595,2897,97130,618,100027,"10mill"
9,6,"petite","second",196,6595,19837,1002493,6791,1022330,12,619,1165,98932,631,100097,"10mill"
9,7,"petite","second",83,6531,8731,991052,6614,999783,5,607,559,99456,612,100015,"10mill"
9,8,"petite","second",44,6562,4595,1002959,6606,1007554,4,589,455,99649,593,100104,"10mill"
9,9,"petite","second",29,6583,3001,1002690,6612,1005691,3,600,394,99737,603,100131,"10mill"
9,10,"petite","second",21,6568,1971,1003001,6589,1004972,1,603,104,99967,604,100071,"10mill"
9,11,"petite","second",8,6607,852,1009329,6615,1010181,1,602,175,99964,603,100139,"10mill"
9,12,"petite","second",14,6611,1471,1007928,6625,1009399,2,599,188,99859,601,100047,"10mill"
34,1,"petite","second",3771,4170,368888,640032,7941,1008920,259,446,27591,72533,705,100124,"10mill"
34,2,"petite","second",2041,5352,202571,814304,7393,1016875,153,505,16095,83962,658,100057,"10mill"
34,3,"petite","second",1103,5887,110651,900286,6990,1010937,87,555,8967,91237,642,100204,"10mill"
34,4,"petite","second",606,6187,60262,938464,6793,998726,51,565,5350,94728,616,100078,"10mill"
34,5,"petite","second",391,6414,39261,980241,6805,1019502,17,607,1653,98434,624,100087,"10mill"
34,6,"petite","second",111,6492,10807,994999,6603,1005806,7,585,905,99186,592,100091,"10mill"
34,7,"petite","second",58,6556,5297,1000831,6614,1006128,2,594,154,99890,596,100044,"10mill"
34,8,"petite","second",8,6606,636,1007080,6614,1007716,2,619,135,99909,621,100044,"10mill"
34,9,"petite","second",11,6584,983,1002588,6595,1003571,3,613,302,99706,616,100008,"10mill"
34,10,"petite","second",26,6580,2695,1005106,6606,1007801,1,601,64,99937,602,100001,"10mill"
7,1,"petite","second",3750,4201,369738,640341,7951,1010079,294,412,31350,68844,706,100194,"10mill"
7,2,"petite","second",2263,5100,225217,773875,7363,999092,160,495,16469,83944,655,100413,"10mill"
7,3,"petite","second",1133,5896,112627,897789,7029,1010416,89,559,9202,90926,648,100128,"10mill"
7,4,"petite","second",597,6206,57690,945003,6803,1002693,42,592,4171,95866,634,100037,"10mill"
7,5,"petite","second",291,6507,29326,997450,6798,1026776,19,590,2446,97607,609,100053,"10mill"
7,6,"petite","second",153,6469,14616,988827,6622,1003443,13,601,1330,98763,614,100093,"10mill"
7,7,"petite","second",69,6521,6853,994747,6590,1001600,4,593,507,99513,597,100020,"10mill"
7,8,"petite","second",34,6576,3120,1005233,6610,1008353,5,604,445,99631,609,100076,"10mill"
7,9,"petite","second",30,6590,2769,1000504,6620,1003273,1,625,91,99956,626,100047,"10mill"
6,1,"petite","second",3840,4136,375607,631066,7976,1006673,294,428,31679,68486,722,100165,"10mill"
6,2,"petite","second",2327,5087,225712,773471,7414,999183,192,503,19747,80317,695,100064,"10mill"
6,3,"petite","second",1426,5772,140974,878198,7198,1019172,104,535,10456,89679,639,100135,"10mill"
6,4,"petite","second",690,6108,68638,931979,6798,1000617,58,577,5731,94448,635,100179,"10mill"
6,5,"petite","second",377,6435,36929,983535,6812,1020464,31,592,3218,96887,623,100105,"10mill"
6,6,"petite","second",228,6589,21836,1004827,6817,1026663,17,616,1783,98341,633,100124,"10mill"
6,7,"petite","second",93,6547,8633,995948,6640,1004581,6,606,478,99568,612,100046,"10mill"
6,8,"petite","second",25,6589,2222,1011979,6614,1014201,3,601,304,99733,604,100037,"10mill"
6,9,"petite","second",18,6599,1842,1003245,6617,1005087,1,601,128,100041,602,100169,"10mill"
1,1,"petite","second",3755,4178,370613,633774,7933,1004387,288,422,29643,70376,710,100019,"10mill"
1,2,"petite","second",2208,5173,219954,786636,7381,1006590,167,500,17634,82482,667,100116,"10mill"
1,3,"petite","second",1229,5966,119691,901962,7195,1021653,91,561,9270,90772,652,100042,"10mill"
1,4,"petite","second",619,6180,61492,943874,6799,1005366,51,579,5801,94419,630,100220,"10mill"
1,5,"petite","second",381,6438,36385,974376,6819,1010761,20,595,2179,97838,615,100017,"10mill"
1,6,"petite","second",144,6633,14147,1021673,6777,1035820,6,584,530,99487,590,100017,"10mill"
1,7,"petite","second",38,6567,3845,998596,6605,1002441,4,592,455,99580,596,100035,"10mill"
1,8,"petite","second",19,6601,1804,998853,6620,1000657,3,602,278,99786,605,100064,"10mill"
1,9,"petite","second",22,6577,2406,1000900,6599,1003306,1,613,112,99989,614,100101,"10mill"
1,10,"petite","second",10,6598,1038,1009672,6608,1010710,2,613,314,99699,615,100013,"10mill"
8,1,"petite","second",3706,4263,364522,648356,7969,1012878,288,432,30018,70069,720,100087,"10mill"
8,2,"petite","second",2145,5226,213775,799691,7371,1013466,142,515,15670,84465,657,100135,"10mill"
8,3,"petite","second",1089,5917,107531,895456,7006,1002987,84,558,8540,91601,642,100141,"10mill"
8,4,"petite","second",547,6261,54128,947935,6808,1002063,42,598,4386,95652,640,100038,"10mill"
8,5,"petite","second",294,6514,29139,990344,6808,1019483,17,590,1744,98289,607,100033,"10mill"
8,6,"petite","second",108,6512,11775,990166,6620,1001941,4,619,381,99629,623,100010,"10mill"
8,7,"petite","second",29,6561,2591,999463,6590,1002054,3,609,247,99816,612,100063,"10mill"
8,8,"petite","second",13,6604,1473,1002649,6617,1004122,1,606,107,99970,607,100077,"10mill"
35,1,"petite","second",3697,4265,360789,645984,7962,1006773,276,427,29511,70492,703,100003,"10mill"
35,2,"petite","second",2100,5273,207821,811239,7373,1019060,178,496,18306,81787,674,100093,"10mill"
35,3,"petite","second",1299,5876,131004,890566,7175,1021570,87,554,9370,90636,641,100006,"10mill"
35,4,"petite","second",654,6153,64010,934050,6807,998060,30,594,3058,96943,624,100001,"10mill"
35,5,"petite","second",206,6599,20291,998638,6805,1018929,15,606,1572,98537,621,100109,"10mill"
35,6,"petite","second",100,6528,10596,986730,6628,997326,6,599,720,99371,605,100091,"10mill"
35,7,"petite","second",32,6572,3982,992776,6604,996758,1,633,137,99923,634,100060,"10mill"
35,8,"petite","second",10,6604,970,1003936,6614,1004906,1,610,132,99952,611,100084,"10mill"
35,9,"petite","second",10,6602,966,1006434,6612,1007400,2,606,242,99903,608,100145,"10mill"
35,10,"petite","second",13,6615,1156,1010318,6628,1011474,1,606,168,100062,607,100230,"10mill"
32,1,"petite","second",3708,4232,359854,646124,7940,1005978,284,419,30220,69990,703,100210,"10mill"
32,2,"petite","second",2236,5163,223885,783559,7399,1007444,158,508,17453,82722,666,100175,"10mill"
32,3,"petite","second",1148,5839,113245,896185,6987,1009430,74,553,7735,92320,627,100055,"10mill"
32,4,"petite","second",561,6243,55073,949632,6804,1004705,38,589,3961,96111,627,100072,"10mill"
32,5,"petite","second",234,6581,23464,1001582,6815,1025046,18,616,1883,98212,634,100095,"10mill"
32,6,"petite","second",117,6492,12483,988901,6609,1001384,9,594,1140,98879,603,100019,"10mill"
32,7,"petite","second",83,6515,7903,997144,6598,1005047,7,601,682,99374,608,100056,"10mill"
32,8,"petite","second",44,6563,4318,1009767,6607,1014085,6,603,576,99523,609,100099,"10mill"
50,1,"petite","second",3744,4211,365937,631260,7955,997197,293,421,30508,69625,714,100133,"10mill"
50,2,"petite","second",2180,5217,215146,796611,7397,1011757,144,525,15104,85163,669,100267,"10mill"
50,3,"petite","second",1079,5917,106838,900877,6996,1007715,64,578,6060,94012,642,100072,"10mill"
50,4,"petite","second",391,6401,38640,976406,6792,1015046,27,599,2659,97374,626,100033,"10mill"
50,5,"petite","second",156,6654,15561,1010549,6810,1026110,7,603,839,99260,610,100099,"10mill"
43,1,"petite","second",3746,4179,370592,635560,7925,1006152,250,428,26475,73603,678,100078,"10mill"
43,2,"petite","second",1934,5448,188551,840266,7382,1028817,128,522,13263,86931,650,100194,"10mill"
43,3,"petite","second",965,6025,94358,916486,6990,1010844,70,567,7158,92889,637,100047,"10mill"
43,4,"petite","second",503,6294,49630,949979,6797,999609,43,601,4513,95511,644,100024,"10mill"
43,5,"petite","second",291,6521,29056,985993,6812,1015049,20,594,2055,98059,614,100114,"10mill"
43,6,"petite","second",125,6502,11965,988316,6627,1000281,5,609,413,99714,614,100127,"10mill"
43,7,"petite","second",28,6559,2749,993401,6587,996150,1,624,83,99958,625,100041,"10mill"
44,1,"petite","second",3770,4207,368122,643069,7977,1011191,284,418,30454,69652,702,100106,"10mill"
44,2,"petite","second",2199,5162,217476,794480,7361,1011956,145,513,15975,84040,658,100015,"10mill"
44,3,"petite","second",1104,5907,107791,894145,7011,1001936,83,556,8876,91179,639,100055,"10mill"
44,4,"petite","second",541,6246,54167,950244,6787,1004411,39,576,4255,95762,615,100017,"10mill"
44,5,"petite","second",283,6529,27494,990772,6812,1018266,27,585,3029,97104,612,100133,"10mill"
44,6,"petite","second",201,6624,19504,1005469,6825,1024973,12,608,1128,98883,620,100011,"10mill"
44,7,"petite","second",68,6543,6531,993927,6611,1000458,4,614,410,99605,618,100015,"10mill"
44,8,"petite","second",28,6592,2952,1004581,6620,1007533,2,623,177,99988,625,100165,"10mill"
44,9,"petite","second",10,6603,1201,1002774,6613,1003975,1,596,60,100205,597,100265,"10mill"
10,1,"petite","second",3786,4158,374670,625074,7944,999744,305,423,31716,68390,728,100106,"10mill"
10,2,"petite","second",2298,5087,226498,779047,7385,1005545,160,505,16980,83029,665,100009,"10mill"
10,3,"petite","second",1178,5806,116500,883838,6984,1000338,82,574,8606,91481,656,100087,"10mill"
10,4,"petite","second",583,6219,58227,946278,6802,1004505,42,583,4623,95627,625,100250,"10mill"
10,5,"petite","second",304,6481,30565,987490,6785,1018055,25,596,2612,97406,621,100018,"10mill"
10,6,"petite","second",180,6617,18042,1004906,6797,1022948,17,612,1785,98478,629,100263,"10mill"
10,7,"petite","second",117,6498,11980,990414,6615,1002394,9,597,904,99153,606,100057,"10mill"
10,8,"petite","second",54,6545,5482,994208,6599,999690,3,615,335,99784,618,100119,"10mill"
10,9,"petite","second",22,6578,2081,1002496,6600,1004577,2,614,229,100169,616,100398,"10mill"
17,1,"petite","second",3710,4240,361374,642601,7950,1003975,289,422,29632,70478,711,100110,"10mill"
17,2,"petite","second",2125,5246,207712,802707,7371,1010419,156,502,16098,84090,658,100188,"10mill"
17,3,"petite","second",1101,5887,108352,894485,6988,1002837,71,565,7588,92482,636,100070,"10mill"
17,4,"petite","second",501,6308,50500,964022,6809,1014522,30,600,3277,96736,630,100013,"10mill"
17,5,"petite","second",202,6585,20197,1007596,6787,1027793,14,597,1482,98745,611,100227,"10mill"
17,6,"petite","second",105,6526,10175,994234,6631,1004409,6,600,702,99350,606,100052,"10mill"
17,7,"petite","second",46,6582,4722,999035,6628,1003757,7,610,761,99263,617,100024,"10mill"
28,1,"petite","second",3763,4192,367339,636347,7955,1003686,303,402,33502,66499,705,100001,"10mill"
28,2,"petite","second",2490,5078,244434,774395,7568,1018829,191,483,20348,79723,674,100071,"10mill"
28,3,"petite","second",1402,5803,139012,879638,7205,1018650,100,547,10375,89681,647,100056,"10mill"
28,4,"petite","second",696,6124,68907,928245,6820,997152,44,592,4799,95306,636,100105,"10mill"
28,5,"petite","second",318,6473,30381,978056,6791,1008437,17,615,1566,98555,632,100121,"10mill"
28,6,"petite","second",87,6516,8725,989745,6603,998470,5,596,528,99520,601,100048,"10mill"
28,7,"petite","second",38,6563,3414,1003126,6601,1006540,4,619,344,99782,623,100126,"10mill"
28,8,"petite","second",27,6612,2869,1000633,6639,1003502,2,635,235,99826,637,100061,"10mill"
28,9,"petite","second",22,6587,1927,1000738,6609,1002665,2,612,161,100019,614,100180,"10mill"
28,10,"petite","second",8,6634,881,999324,6642,1000205,1,618,128,99881,619,100009,"10mill"
28,11,"petite","second",6,6611,492,1008505,6617,1008997,1,612,66,99990,613,100056,"10mill"
21,1,"petite","second",3722,4230,360908,642720,7952,1003628,290,442,30673,69369,732,100042,"10mill"
21,2,"petite","second",2233,5150,222592,788797,7383,1011389,144,516,14882,85332,660,100214,"10mill"
21,3,"petite","second",1057,5922,104478,902642,6979,1007120,85,560,8378,91646,645,100024,"10mill"
21,4,"petite","second",561,6243,54491,950289,6804,1004780,36,586,3820,96298,622,100118,"10mill"
21,5,"petite","second",240,6573,24278,997227,6813,1021505,19,604,2008,98078,623,100086,"10mill"
21,6,"petite","second",139,6455,13933,985041,6594,998974,7,609,887,99138,616,100025,"10mill"
21,7,"petite","second",64,6538,6877,999440,6602,1006317,5,632,536,99525,637,100061,"10mill"
21,8,"petite","second",35,6580,3695,992126,6615,995821,3,624,170,99963,627,100133,"10mill"
21,9,"petite","second",12,6598,1243,1006222,6610,1007465,1,612,101,99925,613,100026,"10mill"
26,1,"petite","second",3747,4200,368252,637947,7947,1006199,270,431,29420,70617,701,100037,"10mill"
26,2,"petite","second",2177,5196,215393,792233,7373,1007626,160,516,16744,83284,676,100028,"10mill"
26,3,"petite","second",1175,5809,115585,886003,6984,1001588,95,538,10359,89882,633,100241,"10mill"
26,4,"petite","second",686,6109,68717,929069,6795,997786,49,587,5265,94906,636,100171,"10mill"
26,5,"petite","second",363,6470,35905,977738,6833,1013643,29,600,2888,97209,629,100097,"10mill"
26,6,"petite","second",196,6613,19306,1011403,6809,1030709,8,596,895,99155,604,100050,"10mill"
26,7,"petite","second",42,6587,4496,1003808,6629,1008304,2,615,182,100031,617,100213,"10mill"
26,8,"petite","second",11,6598,1009,1014205,6609,1015214,1,590,77,100071,591,100148,"10mill"
26,9,"petite","second",6,6611,743,997319,6617,998062,1,604,179,99849,605,100028,"10mill"
26,10,"petite","second",16,6596,1521,1008282,6612,1009803,2,621,344,99687,623,100031,"10mill"
26,11,"petite","second",20,6590,1910,998909,6610,1000819,2,606,211,99950,608,100161,"10mill"
19,1,"petite","second",3704,4260,364372,645749,7964,1010121,295,414,30207,69999,709,100206,"10mill"
19,2,"petite","second",2207,5179,215476,789200,7386,1004676,152,514,17118,82958,666,100076,"10mill"
19,3,"petite","second",1196,5798,118243,881379,6994,999622,87,547,9108,91035,634,100143,"10mill"
19,4,"petite","second",647,6174,65142,935752,6821,1000894,51,567,5836,94192,618,100028,"10mill"
19,5,"petite","second",356,6467,34887,985396,6823,1020283,21,581,2080,97948,602,100028,"10mill"
19,6,"petite","second",137,6461,13822,980760,6598,994582,11,607,1316,98747,618,100063,"10mill"
19,7,"petite","second",92,6522,8374,995851,6614,1004225,5,596,746,99279,601,100025,"10mill"
19,8,"petite","second",55,6555,5229,998653,6610,1003882,3,619,249,99797,622,100046,"10mill"
45,1,"petite","second",3713,4237,362979,643805,7950,1006784,272,444,27610,72450,716,100060,"10mill"
45,2,"petite","second",2008,5380,199051,826586,7388,1025637,142,509,15965,84064,651,100029,"10mill"
45,3,"petite","second",1065,5916,105549,902676,6981,1008225,77,560,7857,92265,637,100122,"10mill"
45,4,"petite","second",518,6285,51643,956969,6803,1008612,31,584,3705,96439,615,100144,"10mill"
45,5,"petite","second",241,6553,24125,998877,6794,1023002,14,608,1178,98845,622,100023,"10mill"
45,6,"petite","second",90,6505,8493,993934,6595,1002427,13,585,1299,98726,598,100025,"10mill"
45,7,"petite","second",85,6519,8536,989490,6604,998026,7,596,687,99441,603,100128,"10mill"
45,8,"petite","second",48,6590,4649,1009634,6638,1014283,3,611,211,99827,614,100038,"10mill"
42,1,"petite","second",3813,4147,373923,630723,7960,1004646,286,423,29409,70757,709,100166,"10mill"
42,2,"petite","second",2143,5241,212030,802146,7384,1014176,130,546,13095,86990,676,100085,"10mill"
42,3,"petite","second",934,6053,90198,927722,6987,1017920,68,571,6407,93672,639,100079,"10mill"
42,4,"petite","second",438,6367,41585,964465,6805,1006050,34,599,3419,96689,633,100108,"10mill"
42,5,"petite","second",234,6600,23735,1003284,6834,1027019,16,586,1562,98520,602,100082,"10mill"
42,6,"petite","second",111,6505,11293,997182,6616,1008475,7,586,785,99383,593,100168,"10mill"
42,7,"petite","second",45,6556,4614,995353,6601,999967,2,616,181,99858,618,100039,"10mill"
27,1,"petite","second",3721,4227,362914,641796,7948,1004710,287,431,29956,70103,718,100059,"10mill"
27,2,"petite","second",2155,5219,213107,791050,7374,1004157,136,520,14874,85159,656,100033,"10mill"
27,3,"petite","second",1051,5946,104200,902603,6997,1006803,75,568,7190,92840,643,100030,"10mill"
27,4,"petite","second",464,6343,47141,964966,6807,1012107,29,611,3297,96725,640,100022,"10mill"
27,5,"petite","second",233,6574,22977,1008810,6807,1031787,13,598,1263,98847,611,100110,"10mill"
27,6,"petite","second",77,6526,7665,994685,6603,1002350,12,608,1299,98764,620,100063,"10mill"
27,7,"petite","second",85,6530,8569,992677,6615,1001246,7,616,929,99163,623,100092,"10mill"
27,8,"petite","second",69,6551,6636,999738,6620,1006374,5,601,388,99613,606,100001,"10mill"
18,1,"petite","second",3706,4240,362150,650286,7946,1012436,273,427,29295,70784,700,100079,"10mill"
18,2,"petite","second",2142,5260,208118,800782,7402,1008900,162,513,16520,83529,675,100049,"10mill"
18,3,"petite","second",1132,5874,113798,891391,7006,1005189,80,567,8188,91930,647,100118,"10mill"
18,4,"petite","second",535,6284,53347,955986,6819,1009333,36,573,3707,96315,609,100022,"10mill"
18,5,"petite","second",262,6561,25140,997476,6823,1022616,17,602,1950,98166,619,100116,"10mill"
18,6,"petite","second",115,6503,11642,990855,6618,1002497,9,600,858,99204,609,100062,"10mill"
18,7,"petite","second",66,6549,6714,998593,6615,1005307,5,599,608,99419,604,100027,"10mill"
18,8,"petite","second",35,6591,3702,1001507,6626,1005209,2,611,348,99784,613,100132,"10mill"
18,9,"petite","second",21,6609,2049,1008126,6630,1010175,1,590,66,99947,591,100013,"10mill"
20,1,"petite","second",3756,4204,370887,639467,7960,1010354,263,444,27609,72594,707,100203,"10mill"
20,2,"petite","second",1957,5449,194663,830873,7406,1025536,145,529,15491,84645,674,100136,"10mill"
20,3,"petite","second",1059,5911,105977,895795,6970,1001772,70,575,8297,91743,645,100040,"10mill"
20,4,"petite","second",550,6238,55469,951248,6788,1006717,38,591,4301,95749,629,100050,"10mill"
20,5,"petite","second",298,6511,28302,991280,6809,1019582,19,600,1619,98550,619,100169,"10mill"
20,6,"petite","second",101,6524,9835,989545,6625,999380,5,620,538,99681,625,100219,"10mill"
20,7,"petite","second",37,6607,3499,1003997,6644,1007496,2,627,212,99792,629,100004,"10mill"
16,1,"petite","second",3819,4119,372900,623449,7938,996349,287,421,31539,68476,708,100015,"10mill"
16,2,"petite","second",2257,5110,222065,781456,7367,1003521,166,503,17877,82316,669,100193,"10mill"
16,3,"petite","second",1214,5772,120394,884217,6986,1004611,109,544,11552,88656,653,100208,"10mill"
16,4,"petite","second",810,6188,80367,948082,6998,1028449,50,594,5208,94879,644,100087,"10mill"
16,5,"petite","second",372,6429,38095,971951,6801,1010046,25,609,2601,97418,634,100019,"10mill"
16,6,"petite","second",196,6599,18492,1001971,6795,1020463,7,603,721,99625,610,100346,"10mill"
16,7,"petite","second",53,6568,5505,993184,6621,998689,6,603,608,99508,609,100116,"10mill"
16,8,"petite","second",51,6574,4990,1005658,6625,1010648,2,612,212,99897,614,100109,"10mill"
29,1,"petite","second",3782,4179,368245,632759,7961,1001004,304,415,31084,69098,719,100182,"10mill"
29,2,"petite","second",2207,5183,221615,785222,7390,1006837,177,508,18801,81408,685,100209,"10mill"
29,3,"petite","second",1311,5881,130753,897466,7192,1028219,89,556,9582,90450,645,100032,"10mill"
29,4,"petite","second",654,6157,64239,930477,6811,994716,44,589,4444,95739,633,100183,"10mill"
29,5,"petite","second",276,6546,27138,991035,6822,1018173,16,605,1597,98645,621,100242,"10mill"
29,6,"petite","second",91,6527,9501,993340,6618,1002841,5,610,484,99568,615,100052,"10mill"
29,7,"petite","second",50,6563,4986,998428,6613,1003414,3,593,356,99663,596,100019,"10mill"
29,8,"petite","second",23,6579,2212,1007994,6602,1010206,1,619,59,100094,620,100153,"10mill"
11,1,"petite","second",3747,4206,364550,633128,7953,997678,254,446,27986,72111,700,100097,"10mill"
11,2,"petite","second",2068,5328,204528,815394,7396,1019922,141,514,14546,85526,655,100072,"10mill"
11,3,"petite","second",993,5976,100164,906175,6969,1006339,61,586,6828,93290,647,100118,"10mill"
11,4,"petite","second",443,6367,44378,968328,6810,1012706,34,604,3515,96520,638,100035,"10mill"
11,5,"petite","second",210,6572,19813,1004342,6782,1024155,12,617,1395,98754,629,100149,"10mill"
11,6,"petite","second",86,6524,9090,1000448,6610,1009538,2,613,144,99958,615,100102,"10mill"
