"sim_number","transfer","strain1","strain2","clusters_pop1_b","clusters_pop2_b","cells_pop1_b","cells_pop2_b","total_clusters_b","total_cells_b","clusters_pop1_a","clusters_pop2_a","cells_pop1_a","cells_pop2_a","total_clusters_a","total_cells_a","experiment"
37,1,"petite","second-15min",513,329,49930,50510,842,100440,8,33,1746,8407,41,10153,"Equal Growth Rates"
37,2,"petite","second-15min",167,565,15764,87464,732,103228,2,41,260,9885,43,10145,"Equal Growth Rates"
30,1,"petite","second-15min",526,342,51255,52042,868,103297,1,43,148,9909,44,10057,"Equal Growth Rates"
39,1,"petite","second-15min",513,326,49749,49456,839,99205,2,44,412,9600,46,10012,"Equal Growth Rates"
4,1,"petite","second-15min",506,333,50279,51860,839,102139,2,42,310,9763,44,10073,"Equal Growth Rates"
3,1,"petite","second-15min",536,308,53866,46919,844,100785,7,38,1231,8838,45,10069,"Equal Growth Rates"
3,2,"petite","second-15min",120,586,11640,88148,706,99788,1,42,240,9863,43,10103,"Equal Growth Rates"
2,1,"petite","second-15min",530,337,52040,51507,867,103547,3,42,591,9477,45,10068,"Equal Growth Rates"
2,2,"petite","second-15min",67,625,6748,93831,692,100579,1,42,260,9809,43,10069,"Equal Growth Rates"
38,1,"petite","second-15min",530,332,53324,48063,862,101387,7,37,1623,8404,44,10027,"Equal Growth Rates"
38,2,"petite","second-15min",166,567,16650,84989,733,101639,1,40,249,9875,41,10124,"Equal Growth Rates"
5,1,"petite","second-15min",533,310,52135,48315,843,100450,3,39,642,9496,42,10138,"Equal Growth Rates"
31,1,"petite","second-15min",508,338,50112,52643,846,102755,3,38,517,9697,41,10214,"Equal Growth Rates"
36,1,"petite","second-15min",517,335,50953,51848,852,102801,4,40,823,9237,44,10060,"Equal Growth Rates"
36,2,"petite","second-15min",79,631,8126,94982,710,103108,1,41,238,9765,42,10003,"Equal Growth Rates"
14,1,"petite","second-15min",533,324,52690,47710,857,100400,6,42,1093,9094,48,10187,"Equal Growth Rates"
13,1,"petite","second-15min",526,334,52334,51236,860,103570,1,42,209,9846,43,10055,"Equal Growth Rates"
25,1,"petite","second-15min",526,329,51596,48997,855,100593,5,42,1022,9105,47,10127,"Equal Growth Rates"
22,1,"petite","second-15min",517,333,50950,52141,850,103091,5,39,994,9117,44,10111,"Equal Growth Rates"
22,2,"petite","second-15min",118,597,11820,90577,715,102397,1,43,173,9985,44,10158,"Equal Growth Rates"
49,1,"petite","second-15min",509,341,51432,53034,850,104466,3,41,531,9624,44,10155,"Equal Growth Rates"
47,1,"petite","second-15min",514,334,49068,50784,848,99852,4,42,762,9421,46,10183,"Equal Growth Rates"
23,1,"petite","second-15min",513,338,50774,51440,851,102214,7,41,1444,8702,48,10146,"Equal Growth Rates"
24,1,"petite","second-15min",511,345,50289,53880,856,104169,1,40,175,9902,41,10077,"Equal Growth Rates"
12,1,"petite","second-15min",543,315,53426,48742,858,102168,3,39,811,9404,42,10215,"Equal Growth Rates"
15,1,"petite","second-15min",535,331,52558,49698,866,102256,3,41,673,9366,44,10039,"Equal Growth Rates"
41,1,"petite","second-15min",513,343,49042,51920,856,100962,4,41,718,9292,45,10010,"Equal Growth Rates"
46,1,"petite","second-15min",512,348,50002,52401,860,102403,1,45,224,9859,46,10083,"Equal Growth Rates"
48,1,"petite","second-15min",527,318,50892,47346,845,98238,7,39,1585,8459,46,10044,"Equal Growth Rates"
33,1,"petite","second-15min",525,316,52441,47211,841,99652,5,40,1005,9102,45,10107,"Equal Growth Rates"
9,1,"petite","second-15min",528,337,51471,50738,865,102209,2,42,306,9910,44,10216,"Equal Growth Rates"
9,2,"petite","second-15min",33,636,2939,97266,669,100205,1,43,158,9909,44,10067,"Equal Growth Rates"
34,1,"petite","second-15min",522,331,50636,50356,853,100992,2,38,388,9760,40,10148,"Equal Growth Rates"
7,1,"petite","second-15min",529,327,52852,49946,856,102798,5,42,818,9316,47,10134,"Equal Growth Rates"
6,1,"petite","second-15min",539,320,52882,47947,859,100829,2,44,395,9680,46,10075,"Equal Growth Rates"
1,1,"petite","second-15min",531,328,52151,49914,859,102065,2,44,423,9667,46,10090,"Equal Growth Rates"
8,1,"petite","second-15min",527,330,51114,48704,857,99818,5,37,956,9139,42,10095,"Equal Growth Rates"
8,2,"petite","second-15min",77,629,7671,98281,706,105952,1,40,161,10009,41,10170,"Equal Growth Rates"
35,1,"petite","second-15min",521,338,51468,49905,859,101373,6,42,1080,9070,48,10150,"Equal Growth Rates"
35,2,"petite","second-15min",105,599,10286,91634,704,101920,1,40,263,9781,41,10044,"Equal Growth Rates"
32,1,"petite","second-15min",530,327,51817,50080,857,101897,6,37,1138,8915,43,10053,"Equal Growth Rates"
50,1,"petite","second-15min",526,341,52162,51898,867,104060,2,39,586,9546,41,10132,"Equal Growth Rates"
43,1,"petite","second-15min",519,338,52371,51464,857,103835,4,41,664,9427,45,10091,"Equal Growth Rates"
44,1,"petite","second-15min",516,332,51248,53776,848,105024,3,40,700,9457,43,10157,"Equal Growth Rates"
10,1,"petite","second-15min",521,325,51127,51317,846,102444,2,42,369,9841,44,10210,"Equal Growth Rates"
17,1,"petite","second-15min",532,332,51450,50169,864,101619,7,44,1188,8959,51,10147,"Equal Growth Rates"
17,2,"petite","second-15min",118,589,12680,90071,707,102751,1,38,200,9909,39,10109,"Equal Growth Rates"
28,1,"petite","second-15min",522,334,53084,51326,856,104410,4,42,693,9444,46,10137,"Equal Growth Rates"
21,1,"petite","second-15min",533,330,52643,49172,863,101815,5,42,830,9199,47,10029,"Equal Growth Rates"
26,1,"petite","second-15min",510,332,51054,51277,842,102331,3,42,574,9564,45,10138,"Equal Growth Rates"
19,1,"petite","second-15min",516,335,51735,51577,851,103312,7,41,1271,8745,48,10016,"Equal Growth Rates"
45,1,"petite","second-15min",522,336,51699,51300,858,102999,2,44,321,9697,46,10018,"Equal Growth Rates"
42,1,"petite","second-15min",507,351,49756,54891,858,104647,2,42,353,9755,44,10108,"Equal Growth Rates"
27,1,"petite","second-15min",529,324,52544,50053,853,102597,2,44,352,9769,46,10121,"Equal Growth Rates"
18,1,"petite","second-15min",549,306,56043,46460,855,102503,7,38,1432,8676,45,10108,"Equal Growth Rates"
20,1,"petite","second-15min",529,333,52394,50359,862,102753,1,44,265,9836,45,10101,"Equal Growth Rates"
29,1,"petite","second-15min",534,311,52839,47930,845,100769,4,41,748,9254,45,10002,"Equal Growth Rates"
11,1,"petite","second-15min",510,339,49624,51138,849,100762,5,39,878,9289,44,10167,"Equal Growth Rates"
11,2,"petite","second-15min",94,612,9432,91457,706,100889,1,39,157,10104,40,10261,"Equal Growth Rates"
38,1,"petite","second",401,394,38114,58780,795,96894,30,44,3015,7100,74,10115,"Normal"
38,2,"petite","second",214,532,21120,79830,746,100950,19,54,1861,8173,73,10034,"Normal"
38,3,"petite","second",117,603,11672,90953,720,102625,10,54,842,9197,64,10039,"Normal"
38,4,"petite","second",73,613,7018,91017,686,98035,3,65,301,9706,68,10007,"Normal"
38,5,"petite","second",21,665,2100,97459,686,99559,2,57,143,9916,59,10059,"Normal"
8,1,"petite","second",379,429,37376,65321,808,102697,31,44,3248,6761,75,10009,"Normal"
8,2,"petite","second",238,505,24316,76460,743,100776,16,57,1729,8385,73,10114,"Normal"
8,3,"petite","second",121,588,11499,91115,709,102614,6,60,605,9580,66,10185,"Normal"
8,4,"petite","second",36,636,3601,97866,672,101467,3,62,283,9839,65,10122,"Normal"
8,5,"petite","second",14,652,1615,100948,666,102563,1,65,161,10017,66,10178,"Normal"
8,6,"petite","second",13,653,1345,99701,666,101046,2,60,263,9757,62,10020,"Normal"
8,7,"petite","second",24,654,2352,101610,678,103962,1,54,65,9935,55,10000,"Normal"
8,8,"petite","second",6,657,548,99881,663,100429,1,64,141,9921,65,10062,"Normal"
8,9,"petite","second",12,654,1162,98839,666,100001,3,64,235,9820,67,10055,"Normal"
39,1,"petite","second",377,438,36937,66743,815,103680,26,47,2602,7417,73,10019,"Normal"
39,2,"petite","second",166,572,16246,89053,738,105299,20,50,1784,8346,70,10130,"Normal"
39,3,"petite","second",134,571,13217,88800,705,102017,14,52,1431,8653,66,10084,"Normal"
39,4,"petite","second",92,608,9545,93697,700,103242,8,54,909,9247,62,10156,"Normal"
39,5,"petite","second",60,627,6111,93771,687,99882,2,59,261,9927,61,10188,"Normal"
39,6,"petite","second",16,656,1418,99747,672,101165,2,63,183,9872,65,10055,"Normal"
23,1,"petite","second",370,425,36993,64793,795,101786,26,45,3265,6740,71,10005,"Normal"
23,2,"petite","second",238,514,24595,78339,752,102934,16,43,1817,8210,59,10027,"Normal"
23,3,"petite","second",120,574,12318,88577,694,100895,7,53,680,9407,60,10087,"Normal"
23,4,"petite","second",40,648,4105,97962,688,102067,4,57,426,9751,61,10177,"Normal"
23,5,"petite","second",38,629,3968,95040,667,99008,1,62,118,9917,63,10035,"Normal"
5,1,"petite","second",378,408,37406,62619,786,100025,26,38,2874,7191,64,10065,"Normal"
5,2,"petite","second",222,515,21910,79026,737,100936,19,53,1984,8123,72,10107,"Normal"
5,3,"petite","second",134,577,13564,86193,711,99757,12,54,1443,8614,66,10057,"Normal"
5,4,"petite","second",100,601,10717,90599,701,101316,4,56,517,9552,60,10069,"Normal"
5,5,"petite","second",37,629,3823,98945,666,102768,1,60,69,10087,61,10156,"Normal"
16,1,"petite","second",354,450,35918,69571,804,105489,28,41,3252,6861,69,10113,"Normal"
16,2,"petite","second",231,512,22326,77781,743,100107,8,57,774,9262,65,10036,"Normal"
16,3,"petite","second",57,627,5765,94940,684,100705,5,68,443,9724,73,10167,"Normal"
16,4,"petite","second",34,636,3772,96370,670,100142,3,58,340,9697,61,10037,"Normal"
16,5,"petite","second",21,634,2570,99365,655,101935,1,62,266,9787,63,10053,"Normal"
35,1,"petite","second",391,403,38363,63202,794,101565,31,40,3008,7014,71,10022,"Normal"
35,2,"petite","second",240,499,22801,77313,739,100114,11,47,1123,9046,58,10169,"Normal"
35,3,"petite","second",72,622,7173,94002,694,101175,5,60,505,9514,65,10019,"Normal"
35,4,"petite","second",35,655,3773,98226,690,101999,4,64,447,9566,68,10013,"Normal"
14,1,"petite","second",388,419,38611,64259,807,102870,28,43,2806,7251,71,10057,"Normal"
14,2,"petite","second",175,568,17416,87839,743,105255,11,54,1189,9035,65,10224,"Normal"
14,3,"petite","second",71,629,7099,98050,700,105149,4,56,517,9700,60,10217,"Normal"
14,4,"petite","second",42,631,4108,97305,673,101413,5,63,314,9774,68,10088,"Normal"
14,5,"petite","second",15,652,1528,101522,667,103050,1,59,47,10021,60,10068,"Normal"
3,1,"petite","second",358,429,34981,67206,787,102187,28,42,3214,6909,70,10123,"Normal"
3,2,"petite","second",226,520,21741,80487,746,102228,13,56,1291,8832,69,10123,"Normal"
3,3,"petite","second",75,608,8016,94230,683,102246,9,52,1274,8891,61,10165,"Normal"
3,4,"petite","second",80,609,7819,91476,689,99295,6,59,691,9319,65,10010,"Normal"
3,5,"petite","second",52,620,5157,95145,672,100302,1,58,67,10084,59,10151,"Normal"
36,1,"petite","second",361,436,35896,65134,797,101030,29,42,2903,7157,71,10060,"Normal"
36,2,"petite","second",202,541,20386,82855,743,103241,13,50,1272,8753,63,10025,"Normal"
36,3,"petite","second",100,597,10230,90576,697,100806,3,60,353,9760,63,10113,"Normal"
19,1,"petite","second",391,414,38310,63129,805,101439,31,36,3316,6709,67,10025,"Normal"
19,2,"petite","second",238,525,23643,81780,763,105423,12,55,1334,8684,67,10018,"Normal"
19,3,"petite","second",82,624,7640,95192,706,102832,3,61,270,9879,64,10149,"Normal"
4,1,"petite","second",379,428,36062,66042,807,102104,31,47,3170,6892,78,10062,"Normal"
4,2,"petite","second",226,522,22727,81216,748,103943,15,50,1731,8465,65,10196,"Normal"
4,3,"petite","second",113,601,11757,91641,714,103398,10,52,1389,8646,62,10035,"Normal"
4,4,"petite","second",80,624,7894,96237,704,104131,7,58,816,9253,65,10069,"Normal"
4,5,"petite","second",58,634,5786,95859,692,101645,4,56,466,9552,60,10018,"Normal"
4,6,"petite","second",23,655,2693,99787,678,102480,2,58,210,9817,60,10027,"Normal"
4,7,"petite","second",18,640,1739,98635,658,100374,1,65,126,9955,66,10081,"Normal"
4,8,"petite","second",13,651,1417,98813,664,100230,2,60,243,9879,62,10122,"Normal"
4,9,"petite","second",14,660,1236,97927,674,99163,2,67,118,9937,69,10055,"Normal"
1,1,"petite","second",388,412,37359,63077,800,100436,29,41,3220,6859,70,10079,"Normal"
1,2,"petite","second",217,526,20810,81550,743,102360,20,50,1939,8141,70,10080,"Normal"
1,3,"petite","second",141,565,13893,85585,706,99478,15,51,1611,8499,66,10110,"Normal"
1,4,"petite","second",104,604,10138,93451,708,103589,7,57,682,9401,64,10083,"Normal"
1,5,"petite","second",45,645,4477,100430,690,104907,4,59,289,9772,63,10061,"Normal"
1,6,"petite","second",17,652,1617,98457,669,100074,1,58,53,9947,59,10000,"Normal"
34,1,"petite","second",396,413,39112,63933,809,103045,39,37,4011,6053,76,10064,"Normal"
34,2,"petite","second",296,488,28599,74825,784,103424,17,49,1639,8365,66,10004,"Normal"
34,3,"petite","second",96,612,10232,92228,708,102460,8,55,1024,9082,63,10106,"Normal"
28,1,"petite","second",387,413,39204,63741,800,102945,34,38,3865,6166,72,10031,"Normal"
28,2,"petite","second",278,482,28505,72312,760,100817,21,51,2028,8165,72,10193,"Normal"
28,3,"petite","second",143,562,14990,87200,705,102190,15,50,1710,8292,65,10002,"Normal"
28,4,"petite","second",131,586,12509,90342,717,102851,6,59,636,9538,65,10174,"Normal"
28,5,"petite","second",48,630,5031,94352,678,99383,4,57,477,9543,61,10020,"Normal"
28,6,"petite","second",31,644,3073,98688,675,101761,2,62,244,9757,64,10001,"Normal"
15,1,"petite","second",400,410,40486,64930,810,105416,26,41,2974,7088,67,10062,"Normal"
15,2,"petite","second",219,530,20309,80458,749,100767,11,55,958,9224,66,10182,"Normal"
15,3,"petite","second",74,613,7519,94785,687,102304,5,55,447,9584,60,10031,"Normal"
15,4,"petite","second",21,663,2026,103553,684,105579,4,60,418,9584,64,10002,"Normal"
21,1,"petite","second",378,431,36288,66408,809,102696,33,38,3530,6583,71,10113,"Normal"
21,2,"petite","second",261,482,25197,73334,743,98531,22,47,2138,7914,69,10052,"Normal"
21,3,"petite","second",166,560,16630,88426,726,105056,11,50,1249,8752,61,10001,"Normal"
21,4,"petite","second",76,623,8051,94564,699,102615,2,64,403,9799,66,10202,"Normal"
21,5,"petite","second",28,645,2755,98922,673,101677,3,66,245,9917,69,10162,"Normal"
25,1,"petite","second",387,418,36900,67051,805,103951,30,42,3196,6804,72,10000,"Normal"
25,2,"petite","second",244,516,24827,78274,760,103101,21,47,2426,7686,68,10112,"Normal"
25,3,"petite","second",153,575,15080,88570,728,103650,9,57,872,9167,66,10039,"Normal"
25,4,"petite","second",67,619,6392,94189,686,100581,5,63,408,9828,68,10236,"Normal"
25,5,"petite","second",30,648,3153,99660,678,102813,1,56,96,9968,57,10064,"Normal"
31,1,"petite","second",396,403,38739,60070,799,98809,35,45,3684,6622,80,10306,"Normal"
31,2,"petite","second",283,476,28122,73697,759,101819,22,49,2121,7939,71,10060,"Normal"
31,3,"petite","second",167,557,17113,85861,724,102974,14,56,1513,8547,70,10060,"Normal"
31,4,"petite","second",129,575,13101,89249,704,102350,9,50,1126,8906,59,10032,"Normal"
31,5,"petite","second",66,636,6595,97025,702,103620,6,57,564,9452,63,10016,"Normal"
31,6,"petite","second",39,643,3941,97717,682,101658,2,66,145,9997,68,10142,"Normal"
12,1,"petite","second",353,454,34985,69224,807,104209,33,44,3530,6535,77,10065,"Normal"
12,2,"petite","second",265,493,25859,74803,758,100662,16,58,1914,8103,74,10017,"Normal"
12,3,"petite","second",139,581,14180,88003,720,102183,18,51,1772,8341,69,10113,"Normal"
12,4,"petite","second",118,590,11084,90700,708,101784,6,54,811,9225,60,10036,"Normal"
12,5,"petite","second",71,608,7058,93238,679,100296,2,56,237,9892,58,10129,"Normal"
9,1,"petite","second",372,429,37554,63736,801,101290,28,40,3358,6688,68,10046,"Normal"
9,2,"petite","second",241,510,22701,79185,751,101886,13,53,1144,8897,66,10041,"Normal"
29,1,"petite","second",378,433,37590,64624,811,102214,28,40,3550,6550,68,10100,"Normal"
29,2,"petite","second",252,514,25005,81212,766,106217,20,48,1896,8329,68,10225,"Normal"
29,3,"petite","second",149,564,14647,88420,713,103067,8,56,824,9291,64,10115,"Normal"
29,4,"petite","second",64,621,6157,95444,685,101601,4,61,543,9480,65,10023,"Normal"
29,5,"petite","second",34,647,3373,98254,681,101627,2,65,298,9926,67,10224,"Normal"
29,6,"petite","second",15,661,1444,100747,676,102191,1,61,45,10107,62,10152,"Normal"
29,7,"petite","second",2,663,210,102035,665,102245,1,62,118,9947,63,10065,"Normal"
29,8,"petite","second",6,663,637,103041,669,103678,1,63,66,10041,64,10107,"Normal"
45,1,"petite","second",375,419,35932,66203,794,102135,30,45,2676,7457,75,10133,"Normal"
45,2,"petite","second",173,556,17074,85847,729,102921,12,50,1332,8738,62,10070,"Normal"
45,3,"petite","second",95,607,9421,93453,702,102874,7,55,804,9250,62,10054,"Normal"
45,4,"petite","second",54,622,5179,96881,676,102060,2,53,246,9799,55,10045,"Normal"
45,5,"petite","second",21,647,1870,95252,668,97122,3,59,270,9738,62,10008,"Normal"
45,6,"petite","second",20,663,2242,100899,683,103141,1,58,143,9907,59,10050,"Normal"
37,1,"petite","second",373,435,35497,67055,808,102552,34,40,3750,6377,74,10127,"Normal"
37,2,"petite","second",275,496,26965,76909,771,103874,19,49,2085,8020,68,10105,"Normal"
37,3,"petite","second",163,566,16274,85996,729,102270,17,52,1789,8282,69,10071,"Normal"
37,4,"petite","second",117,579,12191,88131,696,100322,11,54,1336,8854,65,10190,"Normal"
37,5,"petite","second",96,602,9521,93230,698,102751,8,58,876,9137,66,10013,"Normal"
37,6,"petite","second",59,619,5776,96880,678,102656,3,59,438,10003,62,10441,"Normal"
37,7,"petite","second",23,647,2363,99805,670,102168,1,57,46,10052,58,10098,"Normal"
42,1,"petite","second",407,400,40590,60578,807,101168,26,41,3158,6974,67,10132,"Normal"
42,2,"petite","second",229,523,21418,78716,752,100134,15,50,1777,8418,65,10195,"Normal"
42,3,"petite","second",125,579,12382,90176,704,102558,12,47,1432,8599,59,10031,"Normal"
42,4,"petite","second",96,609,9578,94328,705,103906,5,56,431,9580,61,10011,"Normal"
42,5,"petite","second",29,657,3331,100556,686,103887,3,57,286,9719,60,10005,"Normal"
42,6,"petite","second",16,665,1651,100535,681,102186,1,65,178,9960,66,10138,"Normal"
42,7,"petite","second",9,661,853,101264,670,102117,2,60,276,9896,62,10172,"Normal"
42,8,"petite","second",27,641,2900,96491,668,99391,1,61,99,10017,62,10116,"Normal"
22,1,"petite","second",384,411,36739,60783,795,97522,27,46,2622,7488,73,10110,"Normal"
22,2,"petite","second",192,533,18849,83876,725,102725,19,51,2121,7933,70,10054,"Normal"
22,3,"petite","second",134,580,12845,90834,714,103679,5,57,446,9592,62,10038,"Normal"
22,4,"petite","second",28,657,2643,100244,685,102887,1,63,165,9836,64,10001,"Normal"
18,1,"petite","second",404,399,40353,60596,803,100949,23,42,2721,7425,65,10146,"Normal"
18,2,"petite","second",186,541,18380,84099,727,102479,17,52,2278,7739,69,10017,"Normal"
18,3,"petite","second",161,558,15841,84480,719,100321,10,52,1034,9055,62,10089,"Normal"
18,4,"petite","second",65,627,5880,93653,692,99533,5,64,570,9462,69,10032,"Normal"
18,5,"petite","second",56,626,5425,97612,682,103037,5,60,497,9679,65,10176,"Normal"
41,1,"petite","second",392,398,38914,62916,790,101830,29,42,3123,6881,71,10004,"Normal"
41,2,"petite","second",228,513,23132,77909,741,101041,19,49,2148,7930,68,10078,"Normal"
41,3,"petite","second",161,560,15977,86553,721,102530,12,50,1364,8910,62,10274,"Normal"
41,4,"petite","second",106,590,11049,90777,696,101826,7,56,788,9372,63,10160,"Normal"
41,5,"petite","second",54,640,5426,97546,694,102972,4,62,309,9730,66,10039,"Normal"
40,1,"petite","second",370,433,35036,67608,803,102644,25,48,2378,7625,73,10003,"Normal"
40,2,"petite","second",154,564,15194,86048,718,101242,8,54,931,9078,62,10009,"Normal"
40,3,"petite","second",78,602,7832,91758,680,99590,3,59,233,9843,62,10076,"Normal"
6,1,"petite","second",372,433,36008,68922,805,104930,25,45,2939,7107,70,10046,"Normal"
6,2,"petite","second",231,510,22522,79603,741,102125,17,45,1906,8223,62,10129,"Normal"
6,3,"petite","second",133,568,13381,86912,701,100293,8,56,1020,9179,64,10199,"Normal"
6,4,"petite","second",63,632,6257,97167,695,103424,4,65,313,9696,69,10009,"Normal"
6,5,"petite","second",22,656,2339,100029,678,102368,1,61,232,9906,62,10138,"Normal"
6,6,"petite","second",20,655,2098,98561,675,100659,3,64,277,9731,67,10008,"Normal"
6,7,"petite","second",10,653,829,99111,663,99940,1,60,59,10069,61,10128,"Normal"
46,1,"petite","second",395,400,37951,59856,795,97807,36,40,3530,6522,76,10052,"Normal"
46,2,"petite","second",253,516,24553,77911,769,102464,14,58,1469,8567,72,10036,"Normal"
46,3,"petite","second",109,588,11006,91441,697,102447,11,57,1058,8979,68,10037,"Normal"
46,4,"petite","second",72,604,6933,92923,676,99856,7,56,946,9156,63,10102,"Normal"
46,5,"petite","second",54,635,5234,98734,689,103968,4,53,402,9630,57,10032,"Normal"
43,1,"petite","second",374,419,36590,65426,793,102016,28,40,2709,7331,68,10040,"Normal"
43,2,"petite","second",176,563,17104,88592,739,105696,8,51,847,9158,59,10005,"Normal"
43,3,"petite","second",60,626,6359,95767,686,102126,6,58,528,9617,64,10145,"Normal"
43,4,"petite","second",38,637,3910,97217,675,101127,4,57,475,9592,61,10067,"Normal"
43,5,"petite","second",36,650,3825,100471,686,104296,2,62,129,9945,64,10074,"Normal"
43,6,"petite","second",6,667,603,99702,673,100305,1,65,91,9942,66,10033,"Normal"
44,1,"petite","second",387,413,37206,66382,800,103588,21,47,1905,8275,68,10180,"Normal"
44,2,"petite","second",130,576,13274,88136,706,101410,8,59,742,9385,67,10127,"Normal"
44,3,"petite","second",51,636,5241,97659,687,102900,3,62,351,9698,65,10049,"Normal"
44,4,"petite","second",27,655,2990,100008,682,102998,2,60,288,9864,62,10152,"Normal"
2,1,"petite","second",401,407,39603,61302,808,100905,30,40,3213,6900,70,10113,"Normal"
2,2,"petite","second",229,525,21448,80394,754,101842,19,53,1840,8171,72,10011,"Normal"
2,3,"petite","second",118,606,11416,93992,724,105408,2,57,224,9846,59,10070,"Normal"
2,4,"petite","second",13,659,1125,100231,672,101356,4,56,364,9669,60,10033,"Normal"
2,5,"petite","second",26,657,2362,100965,683,103327,1,62,62,9979,63,10041,"Normal"
2,6,"petite","second",4,658,497,101732,662,102229,1,67,137,10080,68,10217,"Normal"
48,1,"petite","second",377,423,35964,64516,800,100480,29,41,2705,7527,70,10232,"Normal"
48,2,"petite","second",179,556,18725,84410,735,103135,18,52,2183,7880,70,10063,"Normal"
48,3,"petite","second",157,564,14864,87017,721,101881,12,55,1538,8660,67,10198,"Normal"
48,4,"petite","second",99,591,9952,89217,690,99169,4,61,439,9635,65,10074,"Normal"
48,5,"petite","second",22,655,2415,99842,677,102257,4,61,398,9764,65,10162,"Normal"
48,6,"petite","second",27,646,2964,98294,673,101258,3,59,454,9549,62,10003,"Normal"
48,7,"petite","second",34,644,3231,96991,678,100222,2,64,213,9868,66,10081,"Normal"
10,1,"petite","second",363,429,35068,65996,792,101064,31,45,3373,6823,76,10196,"Normal"
10,2,"petite","second",257,491,26292,74361,748,100653,18,49,2134,7894,67,10028,"Normal"
10,3,"petite","second",146,574,14369,87181,720,101550,18,47,1560,8507,65,10067,"Normal"
10,4,"petite","second",115,593,11514,90085,708,101599,13,54,1760,8421,67,10181,"Normal"
10,5,"petite","second",129,585,13078,88401,714,101479,11,53,1253,8794,64,10047,"Normal"
10,6,"petite","second",75,622,7286,98899,697,106185,4,57,442,9783,61,10225,"Normal"
10,7,"petite","second",26,650,2466,101141,676,103607,3,54,300,9846,57,10146,"Normal"
10,8,"petite","second",22,644,2221,98953,666,101174,2,62,190,9846,64,10036,"Normal"
10,9,"petite","second",10,650,1225,98645,660,99870,1,58,165,9894,59,10059,"Normal"
32,1,"petite","second",371,430,37280,67472,801,104752,28,38,3144,6975,66,10119,"Normal"
32,2,"petite","second",242,503,23452,77031,745,100483,16,54,1491,8852,70,10343,"Normal"
32,3,"petite","second",104,600,10055,92236,704,102291,11,55,1088,8948,66,10036,"Normal"
32,4,"petite","second",73,611,6930,94412,684,101342,8,55,682,9378,63,10060,"Normal"
32,5,"petite","second",49,634,4720,96168,683,100888,4,56,467,9599,60,10066,"Normal"
32,6,"petite","second",36,651,3627,98870,687,102497,1,60,68,10118,61,10186,"Normal"
7,1,"petite","second",391,416,38423,64024,807,102447,25,44,3015,7018,69,10033,"Normal"
7,2,"petite","second",211,526,20428,81455,737,101883,22,53,2337,7748,75,10085,"Normal"
7,3,"petite","second",162,564,16305,86133,726,102438,11,56,1123,8915,67,10038,"Normal"
7,4,"petite","second",71,611,6971,93411,682,100382,2,58,222,9849,60,10071,"Normal"
7,5,"petite","second",18,648,2028,97074,666,99102,3,64,269,9737,67,10006,"Normal"
7,6,"petite","second",18,667,1774,103233,685,105007,2,61,134,10181,63,10315,"Normal"
33,1,"petite","second",366,440,36790,66025,806,102815,32,46,3385,6739,78,10124,"Normal"
33,2,"petite","second",265,481,25725,74717,746,100442,20,45,2376,7699,65,10075,"Normal"
33,3,"petite","second",182,547,18761,81787,729,100548,15,56,1532,8485,71,10017,"Normal"
33,4,"petite","second",93,602,9115,94358,695,103473,5,57,571,9503,62,10074,"Normal"
33,5,"petite","second",31,658,3179,100096,689,103275,3,58,352,9735,61,10087,"Normal"
33,6,"petite","second",24,642,2636,97315,666,99951,1,63,168,9859,64,10027,"Normal"
30,1,"petite","second",399,410,38432,62695,809,101127,25,45,2550,7457,70,10007,"Normal"
30,2,"petite","second",184,535,18597,80834,719,99431,7,60,663,9407,67,10070,"Normal"
30,3,"petite","second",43,641,4007,97998,684,102005,6,56,668,9469,62,10137,"Normal"
30,4,"petite","second",55,620,5351,95485,675,100836,5,60,486,9520,65,10006,"Normal"
30,5,"petite","second",35,646,3618,98240,681,101858,2,64,267,9795,66,10062,"Normal"
27,1,"petite","second",362,439,35867,68596,801,104463,28,41,3039,7000,69,10039,"Normal"
27,2,"petite","second",225,514,22506,77016,739,99522,23,54,2259,7935,77,10194,"Normal"
27,3,"petite","second",147,568,14521,88499,715,103020,10,57,989,9082,67,10071,"Normal"
27,4,"petite","second",71,612,7300,93236,683,100536,5,63,510,9646,68,10156,"Normal"
27,5,"petite","second",32,636,3176,98531,668,101707,2,58,203,10095,60,10298,"Normal"
47,1,"petite","second",408,384,38695,59928,792,98623,22,49,2088,7990,71,10078,"Normal"
47,2,"petite","second",145,575,14089,88043,720,102132,9,53,1153,9046,62,10199,"Normal"
47,3,"petite","second",76,617,7596,95219,693,102815,3,57,401,9866,60,10267,"Normal"
49,1,"petite","second",376,434,36041,67452,810,103493,25,42,2760,7342,67,10102,"Normal"
49,2,"petite","second",196,533,19763,79827,729,99590,14,51,1423,8653,65,10076,"Normal"
49,3,"petite","second",83,616,8427,94589,699,103016,6,60,529,9592,66,10121,"Normal"
49,4,"petite","second",31,639,2873,98083,670,100956,3,62,205,9884,65,10089,"Normal"
49,5,"petite","second",14,654,1429,98836,668,100265,1,61,126,9884,62,10010,"Normal"
49,6,"petite","second",7,653,665,99449,660,100114,2,63,229,9800,65,10029,"Normal"
49,7,"petite","second",16,652,1671,101528,668,103199,1,60,222,9801,61,10023,"Normal"
49,8,"petite","second",15,665,1767,100641,680,102408,2,62,184,9879,64,10063,"Normal"
49,9,"petite","second",9,660,830,99455,669,100285,2,66,293,9859,68,10152,"Normal"
49,10,"petite","second",17,655,1683,100129,672,101812,1,63,132,9904,64,10036,"Normal"
24,1,"petite","second",391,423,37366,65062,814,102428,18,44,2019,7992,62,10011,"Normal"
24,2,"petite","second",167,552,16549,82774,719,99323,13,48,1354,8686,61,10040,"Normal"
24,3,"petite","second",86,621,8627,93802,707,102429,8,61,721,9296,69,10017,"Normal"
24,4,"petite","second",30,651,2762,101478,681,104240,5,54,570,9430,59,10000,"Normal"
24,5,"petite","second",44,633,4721,98053,677,102774,1,58,222,9804,59,10026,"Normal"
20,1,"petite","second",376,419,38187,63873,795,102060,39,38,3949,6062,77,10011,"Normal"
20,2,"petite","second",298,461,28956,72356,759,101312,22,43,2537,7522,65,10059,"Normal"
20,3,"petite","second",170,555,16972,83697,725,100669,16,55,1557,8558,71,10115,"Normal"
20,4,"petite","second",99,608,10409,92257,707,102666,8,56,827,9213,64,10040,"Normal"
20,5,"petite","second",59,627,5996,95327,686,101323,4,58,480,9540,62,10020,"Normal"
20,6,"petite","second",46,638,4802,95725,684,100527,6,61,700,9518,67,10218,"Normal"
20,7,"petite","second",55,623,5442,95332,678,100774,3,63,235,9770,66,10005,"Normal"
20,8,"petite","second",16,658,1806,100662,674,102468,3,55,444,9609,58,10053,"Normal"
20,9,"petite","second",28,649,2724,100257,677,102981,3,57,343,9668,60,10011,"Normal"
20,10,"petite","second",22,658,2298,102959,680,105257,1,59,117,10084,60,10201,"Normal"
26,1,"petite","second",383,424,36944,64656,807,101600,20,50,2186,7890,70,10076,"Normal"
26,2,"petite","second",157,566,15511,86692,723,102203,9,56,1052,9006,65,10058,"Normal"
26,3,"petite","second",72,607,7024,93911,679,100935,5,55,452,9803,60,10255,"Normal"
26,4,"petite","second",33,645,3078,99018,678,102096,4,63,389,9636,67,10025,"Normal"
26,5,"petite","second",40,643,3818,98578,683,102396,4,63,400,9780,67,10180,"Normal"
26,6,"petite","second",33,634,3248,98872,667,102120,1,60,70,10156,61,10226,"Normal"
26,7,"petite","second",7,656,573,98574,663,99147,2,62,122,9938,64,10060,"Normal"
17,1,"petite","second",394,404,37897,62982,798,100879,27,46,2843,7174,73,10017,"Normal"
17,2,"petite","second",202,539,19706,82337,741,102043,16,51,1447,8557,67,10004,"Normal"
17,3,"petite","second",99,598,10395,92896,697,103291,6,58,753,9444,64,10197,"Normal"
17,4,"petite","second",44,631,4110,97139,675,101249,1,53,68,9976,54,10044,"Normal"
11,1,"petite","second",418,401,40540,59673,819,100213,39,35,4221,5837,74,10058,"Normal"
11,2,"petite","second",315,472,30093,73702,787,103795,21,48,2158,7854,69,10012,"Normal"
11,3,"petite","second",156,561,15535,86804,717,102339,11,53,1133,8889,64,10022,"Normal"
11,4,"petite","second",69,630,7331,96739,699,104070,4,62,420,9710,66,10130,"Normal"
11,5,"petite","second",22,649,2711,97396,671,100107,2,61,180,9841,63,10021,"Normal"
11,6,"petite","second",10,658,1064,99791,668,100855,1,59,81,10179,60,10260,"Normal"
50,1,"petite","second",377,422,36247,65489,799,101736,25,42,2719,7293,67,10012,"Normal"
50,2,"petite","second",187,551,17788,83951,738,101739,12,53,1085,8919,65,10004,"Normal"
50,3,"petite","second",64,636,6415,96992,700,103407,5,52,525,9530,57,10055,"Normal"
50,4,"petite","second",33,654,3332,99064,687,102396,3,63,387,9700,66,10087,"Normal"
50,5,"petite","second",30,655,3114,99234,685,102348,2,60,307,9887,62,10194,"Normal"
13,1,"petite","second",349,447,34720,68901,796,103621,33,40,3418,6808,73,10226,"Normal"
13,2,"petite","second",235,511,23558,78433,746,101991,15,52,1634,8583,67,10217,"Normal"
13,3,"petite","second",110,581,11026,88494,691,99520,6,53,622,9467,59,10089,"Normal"
13,4,"petite","second",30,657,2951,100653,687,103604,2,61,134,9879,63,10013,"Normal"
13,5,"petite","second",10,647,1049,100015,657,101064,1,57,170,9870,58,10040,"Normal"
13,6,"petite","second",5,654,528,103215,659,103743,1,59,126,10025,60,10151,"Normal"
13,7,"petite","second",10,656,989,103675,666,104664,1,61,65,10073,62,10138,"Normal"
