"sim_number","diameter","cases_mother_with_undivided_cells","strain"
1,13,21,"Petite"
2,13,18,"Petite"
3,13,14,"Petite"
4,14,20,"Petite"
5,14,13,"Petite"
6,13,10,"Petite"
7,14,11,"Petite"
8,15,14,"Petite"
9,14,12,"Petite"
10,13,16,"Petite"
11,13,21,"Petite"
12,14,16,"Petite"
13,13,14,"Petite"
14,14,17,"Petite"
15,14,15,"Petite"
16,12,22,"Petite"
17,14,18,"Petite"
18,12,19,"Petite"
19,12,19,"Petite"
20,15,16,"Petite"
21,14,16,"Petite"
22,13,15,"Petite"
23,14,21,"Petite"
24,13,22,"Petite"
25,13,13,"Petite"
26,14,17,"Petite"
27,13,20,"Petite"
28,14,21,"Petite"
29,12,15,"Petite"
30,14,20,"Petite"
31,13,14,"Petite"
32,13,16,"Petite"
33,13,13,"Petite"
34,15,12,"Petite"
35,14,11,"Petite"
36,13,16,"Petite"
37,14,21,"Petite"
38,12,13,"Petite"
39,14,14,"Petite"
40,13,15,"Petite"
41,13,17,"Petite"
42,12,12,"Petite"
43,12,18,"Petite"
44,14,20,"Petite"
45,14,12,"Petite"
46,13,17,"Petite"
47,13,18,"Petite"
48,13,20,"Petite"
49,13,20,"Petite"
50,12,24,"Petite"
51,14,19,"Petite"
52,13,13,"Petite"
53,13,19,"Petite"
54,13,17,"Petite"
55,13,19,"Petite"
56,13,14,"Petite"
57,13,26,"Petite"
58,13,20,"Petite"
59,15,17,"Petite"
60,14,24,"Petite"
61,14,24,"Petite"
62,14,14,"Petite"
63,13,21,"Petite"
64,13,21,"Petite"
65,13,15,"Petite"
66,14,27,"Petite"
67,14,22,"Petite"
68,13,19,"Petite"
69,13,17,"Petite"
70,13,21,"Petite"
71,13,19,"Petite"
72,14,17,"Petite"
73,13,17,"Petite"
74,14,19,"Petite"
75,13,26,"Petite"
76,13,18,"Petite"
77,13,13,"Petite"
78,12,18,"Petite"
79,14,18,"Petite"
80,13,14,"Petite"
81,13,18,"Petite"
82,14,21,"Petite"
83,13,17,"Petite"
84,14,14,"Petite"
85,12,12,"Petite"
86,15,12,"Petite"
87,14,21,"Petite"
88,13,18,"Petite"
89,12,19,"Petite"
90,13,18,"Petite"
91,14,13,"Petite"
92,13,17,"Petite"
93,13,13,"Petite"
94,14,18,"Petite"
95,13,12,"Petite"
96,13,17,"Petite"
97,14,20,"Petite"
98,13,19,"Petite"
99,13,12,"Petite"
100,13,16,"Petite"
101,13,18,"Petite"
102,14,15,"Petite"
103,12,12,"Petite"
104,14,14,"Petite"
105,14,19,"Petite"
106,12,11,"Petite"
107,13,22,"Petite"
108,12,21,"Petite"
109,13,12,"Petite"
110,13,12,"Petite"
111,12,22,"Petite"
112,14,16,"Petite"
113,12,17,"Petite"
114,13,20,"Petite"
115,14,18,"Petite"
116,13,10,"Petite"
117,12,21,"Petite"
118,14,14,"Petite"
119,13,19,"Petite"
120,12,27,"Petite"
121,12,21,"Petite"
122,13,14,"Petite"
123,13,19,"Petite"
124,12,16,"Petite"
125,13,12,"Petite"
126,13,23,"Petite"
127,14,22,"Petite"
128,15,22,"Petite"
129,13,15,"Petite"
130,12,11,"Petite"
131,13,21,"Petite"
132,13,25,"Petite"
133,13,12,"Petite"
134,13,15,"Petite"
135,13,18,"Petite"
136,13,18,"Petite"
137,12,13,"Petite"
138,14,15,"Petite"
139,13,17,"Petite"
140,12,18,"Petite"
141,13,17,"Petite"
142,13,14,"Petite"
143,14,24,"Petite"
144,12,21,"Petite"
145,14,19,"Petite"
146,13,19,"Petite"
147,12,20,"Petite"
148,13,23,"Petite"
149,12,20,"Petite"
150,13,17,"Petite"
151,13,20,"Petite"
152,14,19,"Petite"
153,14,14,"Petite"
154,13,17,"Petite"
155,13,17,"Petite"
156,14,18,"Petite"
157,14,17,"Petite"
158,14,20,"Petite"
159,12,15,"Petite"
160,13,19,"Petite"
161,13,17,"Petite"
162,12,18,"Petite"
163,12,18,"Petite"
164,14,14,"Petite"
165,13,17,"Petite"
166,13,19,"Petite"
167,12,13,"Petite"
168,13,19,"Petite"
169,12,16,"Petite"
170,12,17,"Petite"
171,14,14,"Petite"
172,13,22,"Petite"
173,12,18,"Petite"
174,13,12,"Petite"
175,14,18,"Petite"
176,13,17,"Petite"
177,13,15,"Petite"
178,13,11,"Petite"
179,13,22,"Petite"
180,14,16,"Petite"
181,12,22,"Petite"
182,14,18,"Petite"
183,13,20,"Petite"
184,12,17,"Petite"
185,13,14,"Petite"
186,13,12,"Petite"
187,13,17,"Petite"
188,13,22,"Petite"
189,13,16,"Petite"
190,14,18,"Petite"
191,13,19,"Petite"
192,13,25,"Petite"
193,13,13,"Petite"
194,13,18,"Petite"
195,13,11,"Petite"
196,13,18,"Petite"
197,14,16,"Petite"
198,13,23,"Petite"
199,12,13,"Petite"
200,12,20,"Petite"
201,13,23,"Petite"
202,14,22,"Petite"
203,14,15,"Petite"
204,13,16,"Petite"
205,13,18,"Petite"
206,13,13,"Petite"
207,13,17,"Petite"
208,12,20,"Petite"
209,13,12,"Petite"
210,15,16,"Petite"
211,15,18,"Petite"
212,13,21,"Petite"
213,13,19,"Petite"
214,12,17,"Petite"
215,14,18,"Petite"
216,14,20,"Petite"
217,13,17,"Petite"
218,14,18,"Petite"
219,12,11,"Petite"
220,13,17,"Petite"
221,13,18,"Petite"
222,13,12,"Petite"
223,14,10,"Petite"
224,14,21,"Petite"
225,13,16,"Petite"
226,14,20,"Petite"
227,13,13,"Petite"
228,12,21,"Petite"
229,14,14,"Petite"
230,14,21,"Petite"
231,13,19,"Petite"
232,12,14,"Petite"
233,13,22,"Petite"
234,12,15,"Petite"
235,13,23,"Petite"
236,13,20,"Petite"
237,13,17,"Petite"
238,12,12,"Petite"
239,14,24,"Petite"
240,13,18,"Petite"
241,12,15,"Petite"
242,13,18,"Petite"
243,13,15,"Petite"
244,13,19,"Petite"
245,12,20,"Petite"
246,13,18,"Petite"
247,12,15,"Petite"
248,13,17,"Petite"
249,14,13,"Petite"
250,13,15,"Petite"
251,13,18,"Petite"
252,13,19,"Petite"
253,13,19,"Petite"
254,14,20,"Petite"
255,12,20,"Petite"
256,13,26,"Petite"
257,13,18,"Petite"
258,13,23,"Petite"
259,13,21,"Petite"
260,12,19,"Petite"
261,13,20,"Petite"
262,13,14,"Petite"
263,13,19,"Petite"
264,13,17,"Petite"
265,12,18,"Petite"
266,13,17,"Petite"
267,13,16,"Petite"
268,13,15,"Petite"
269,11,12,"Petite"
270,12,14,"Petite"
271,13,18,"Petite"
272,13,18,"Petite"
273,14,24,"Petite"
274,12,19,"Petite"
275,13,15,"Petite"
276,14,19,"Petite"
277,14,20,"Petite"
278,14,16,"Petite"
279,13,21,"Petite"
280,13,16,"Petite"
281,13,17,"Petite"
282,13,16,"Petite"
283,13,27,"Petite"
284,13,20,"Petite"
285,12,16,"Petite"
286,12,18,"Petite"
287,12,17,"Petite"
288,13,24,"Petite"
289,12,12,"Petite"
290,13,22,"Petite"
291,13,21,"Petite"
292,14,12,"Petite"
293,13,24,"Petite"
294,14,17,"Petite"
295,11,26,"Petite"
296,13,15,"Petite"
297,14,17,"Petite"
298,14,18,"Petite"
299,13,18,"Petite"
300,12,13,"Petite"
1,14,5,"Grande"
2,15,4,"Grande"
3,14,6,"Grande"
4,14,8,"Grande"
5,15,3,"Grande"
6,13,5,"Grande"
7,14,4,"Grande"
8,13,2,"Grande"
9,14,4,"Grande"
10,14,4,"Grande"
11,14,6,"Grande"
12,15,10,"Grande"
13,14,4,"Grande"
14,15,7,"Grande"
15,14,5,"Grande"
16,15,8,"Grande"
17,14,3,"Grande"
18,15,13,"Grande"
19,14,5,"Grande"
20,14,6,"Grande"
21,15,5,"Grande"
22,14,5,"Grande"
23,14,2,"Grande"
24,14,8,"Grande"
25,14,6,"Grande"
26,15,5,"Grande"
27,13,3,"Grande"
28,15,4,"Grande"
29,14,7,"Grande"
30,14,8,"Grande"
31,13,2,"Grande"
32,14,5,"Grande"
33,14,6,"Grande"
34,15,5,"Grande"
35,15,6,"Grande"
36,15,9,"Grande"
37,15,2,"Grande"
38,14,2,"Grande"
39,13,5,"Grande"
40,14,6,"Grande"
41,14,8,"Grande"
42,14,4,"Grande"
43,14,4,"Grande"
44,14,4,"Grande"
45,14,4,"Grande"
46,15,7,"Grande"
47,14,5,"Grande"
48,14,3,"Grande"
49,14,3,"Grande"
50,13,9,"Grande"
51,14,8,"Grande"
52,14,5,"Grande"
53,15,5,"Grande"
54,14,6,"Grande"
55,15,6,"Grande"
56,13,5,"Grande"
57,14,9,"Grande"
58,15,6,"Grande"
59,15,9,"Grande"
60,14,9,"Grande"
61,13,6,"Grande"
62,14,9,"Grande"
63,15,4,"Grande"
64,13,8,"Grande"
65,13,5,"Grande"
66,14,9,"Grande"
67,15,4,"Grande"
68,13,3,"Grande"
69,13,3,"Grande"
70,14,8,"Grande"
71,14,9,"Grande"
72,15,6,"Grande"
73,14,8,"Grande"
74,14,4,"Grande"
75,14,10,"Grande"
76,14,9,"Grande"
77,15,11,"Grande"
78,14,6,"Grande"
79,15,5,"Grande"
80,14,4,"Grande"
81,15,3,"Grande"
82,15,5,"Grande"
83,13,9,"Grande"
84,14,7,"Grande"
85,13,4,"Grande"
86,13,4,"Grande"
87,14,9,"Grande"
88,14,9,"Grande"
89,14,5,"Grande"
90,14,6,"Grande"
91,14,2,"Grande"
92,14,3,"Grande"
93,14,6,"Grande"
94,15,7,"Grande"
95,13,6,"Grande"
96,15,9,"Grande"
97,14,4,"Grande"
98,13,4,"Grande"
99,14,7,"Grande"
100,15,3,"Grande"
101,14,6,"Grande"
102,13,7,"Grande"
103,15,5,"Grande"
104,13,9,"Grande"
105,14,7,"Grande"
106,14,2,"Grande"
107,14,4,"Grande"
108,14,7,"Grande"
109,15,0,"Grande"
110,14,7,"Grande"
111,15,5,"Grande"
112,13,3,"Grande"
113,14,7,"Grande"
114,14,6,"Grande"
115,14,3,"Grande"
116,13,2,"Grande"
117,15,9,"Grande"
118,14,10,"Grande"
119,15,4,"Grande"
120,15,8,"Grande"
121,14,4,"Grande"
122,13,8,"Grande"
123,14,6,"Grande"
124,15,6,"Grande"
125,14,3,"Grande"
126,13,8,"Grande"
127,15,4,"Grande"
128,15,3,"Grande"
129,14,7,"Grande"
130,14,2,"Grande"
131,13,6,"Grande"
132,14,2,"Grande"
133,14,7,"Grande"
134,14,8,"Grande"
135,13,6,"Grande"
136,15,9,"Grande"
137,14,4,"Grande"
138,15,7,"Grande"
139,14,3,"Grande"
140,14,5,"Grande"
141,14,6,"Grande"
142,14,4,"Grande"
143,14,3,"Grande"
144,14,8,"Grande"
145,14,7,"Grande"
146,14,4,"Grande"
147,14,7,"Grande"
148,14,6,"Grande"
149,14,0,"Grande"
150,13,5,"Grande"
151,15,9,"Grande"
152,13,2,"Grande"
153,13,3,"Grande"
154,14,10,"Grande"
155,14,6,"Grande"
156,14,4,"Grande"
157,15,5,"Grande"
158,14,10,"Grande"
159,13,4,"Grande"
160,15,7,"Grande"
161,14,3,"Grande"
162,14,4,"Grande"
163,14,6,"Grande"
164,13,2,"Grande"
165,14,6,"Grande"
166,14,4,"Grande"
167,15,1,"Grande"
168,14,6,"Grande"
169,15,3,"Grande"
170,14,4,"Grande"
171,15,3,"Grande"
172,15,3,"Grande"
173,14,4,"Grande"
174,13,3,"Grande"
175,15,5,"Grande"
176,14,1,"Grande"
177,15,6,"Grande"
178,14,1,"Grande"
179,15,5,"Grande"
180,14,5,"Grande"
181,14,5,"Grande"
182,13,5,"Grande"
183,15,6,"Grande"
184,14,7,"Grande"
185,14,4,"Grande"
186,14,5,"Grande"
187,14,3,"Grande"
188,14,7,"Grande"
189,14,3,"Grande"
190,14,6,"Grande"
191,14,7,"Grande"
192,15,5,"Grande"
193,14,5,"Grande"
194,13,4,"Grande"
195,15,3,"Grande"
196,13,9,"Grande"
197,13,8,"Grande"
198,14,6,"Grande"
199,15,6,"Grande"
200,15,7,"Grande"
201,15,5,"Grande"
202,14,5,"Grande"
203,14,6,"Grande"
204,13,7,"Grande"
205,14,2,"Grande"
206,15,1,"Grande"
207,14,7,"Grande"
208,15,3,"Grande"
209,14,1,"Grande"
210,13,5,"Grande"
211,15,4,"Grande"
212,14,7,"Grande"
213,13,5,"Grande"
214,13,7,"Grande"
215,13,5,"Grande"
216,14,7,"Grande"
217,13,7,"Grande"
218,15,6,"Grande"
219,14,6,"Grande"
220,14,4,"Grande"
221,14,1,"Grande"
222,14,8,"Grande"
223,13,5,"Grande"
224,14,6,"Grande"
225,14,5,"Grande"
226,15,2,"Grande"
227,15,6,"Grande"
228,13,3,"Grande"
229,15,6,"Grande"
230,14,4,"Grande"
231,13,5,"Grande"
232,15,10,"Grande"
233,13,3,"Grande"
234,14,4,"Grande"
235,14,7,"Grande"
236,13,7,"Grande"
237,14,7,"Grande"
238,14,3,"Grande"
239,13,7,"Grande"
240,13,10,"Grande"
241,13,3,"Grande"
242,13,5,"Grande"
243,14,6,"Grande"
244,14,7,"Grande"
245,14,9,"Grande"
246,14,7,"Grande"
247,14,6,"Grande"
248,14,2,"Grande"
249,14,2,"Grande"
250,14,5,"Grande"
251,14,2,"Grande"
252,14,5,"Grande"
253,15,4,"Grande"
254,15,2,"Grande"
255,14,5,"Grande"
256,14,6,"Grande"
257,14,2,"Grande"
258,15,8,"Grande"
259,14,6,"Grande"
260,15,4,"Grande"
261,15,2,"Grande"
262,14,6,"Grande"
263,14,6,"Grande"
264,14,6,"Grande"
265,13,5,"Grande"
266,14,6,"Grande"
267,14,8,"Grande"
268,13,4,"Grande"
269,14,4,"Grande"
270,14,3,"Grande"
271,14,4,"Grande"
272,14,5,"Grande"
273,14,5,"Grande"
274,14,4,"Grande"
275,14,5,"Grande"
276,13,7,"Grande"
277,14,4,"Grande"
278,15,5,"Grande"
279,14,4,"Grande"
280,15,4,"Grande"
281,13,4,"Grande"
282,15,6,"Grande"
283,15,6,"Grande"
284,14,4,"Grande"
285,13,5,"Grande"
286,14,9,"Grande"
287,13,6,"Grande"
288,13,7,"Grande"
289,14,5,"Grande"
290,14,4,"Grande"
291,14,3,"Grande"
292,14,4,"Grande"
293,13,9,"Grande"
294,14,7,"Grande"
295,15,3,"Grande"
296,14,3,"Grande"
297,14,5,"Grande"
298,14,4,"Grande"
299,14,4,"Grande"
300,14,6,"Grande"
1,14,7,"Petite w/o delay"
2,14,8,"Petite w/o delay"
3,14,10,"Petite w/o delay"
4,13,10,"Petite w/o delay"
5,14,13,"Petite w/o delay"
6,13,9,"Petite w/o delay"
7,14,12,"Petite w/o delay"
8,13,7,"Petite w/o delay"
9,14,7,"Petite w/o delay"
10,14,9,"Petite w/o delay"
11,15,8,"Petite w/o delay"
12,13,5,"Petite w/o delay"
13,15,5,"Petite w/o delay"
14,16,6,"Petite w/o delay"
15,14,11,"Petite w/o delay"
16,14,13,"Petite w/o delay"
17,15,9,"Petite w/o delay"
18,14,9,"Petite w/o delay"
19,14,12,"Petite w/o delay"
20,14,13,"Petite w/o delay"
21,14,11,"Petite w/o delay"
22,14,9,"Petite w/o delay"
23,14,9,"Petite w/o delay"
24,14,8,"Petite w/o delay"
25,15,13,"Petite w/o delay"
26,14,8,"Petite w/o delay"
27,14,7,"Petite w/o delay"
28,14,14,"Petite w/o delay"
29,14,7,"Petite w/o delay"
30,15,11,"Petite w/o delay"
31,15,9,"Petite w/o delay"
32,16,10,"Petite w/o delay"
33,15,8,"Petite w/o delay"
34,13,8,"Petite w/o delay"
35,14,12,"Petite w/o delay"
36,14,12,"Petite w/o delay"
37,15,5,"Petite w/o delay"
38,14,12,"Petite w/o delay"
39,14,11,"Petite w/o delay"
40,13,9,"Petite w/o delay"
41,14,8,"Petite w/o delay"
42,15,9,"Petite w/o delay"
43,15,8,"Petite w/o delay"
44,13,6,"Petite w/o delay"
45,14,16,"Petite w/o delay"
46,14,10,"Petite w/o delay"
47,14,9,"Petite w/o delay"
48,14,7,"Petite w/o delay"
49,13,13,"Petite w/o delay"
50,14,10,"Petite w/o delay"
51,14,4,"Petite w/o delay"
52,15,9,"Petite w/o delay"
53,14,9,"Petite w/o delay"
54,15,10,"Petite w/o delay"
55,15,11,"Petite w/o delay"
56,15,11,"Petite w/o delay"
57,14,9,"Petite w/o delay"
58,15,7,"Petite w/o delay"
59,14,10,"Petite w/o delay"
60,13,11,"Petite w/o delay"
61,14,8,"Petite w/o delay"
62,14,8,"Petite w/o delay"
63,14,10,"Petite w/o delay"
64,14,7,"Petite w/o delay"
65,14,8,"Petite w/o delay"
66,15,3,"Petite w/o delay"
67,14,12,"Petite w/o delay"
68,14,11,"Petite w/o delay"
69,14,11,"Petite w/o delay"
70,12,13,"Petite w/o delay"
71,14,9,"Petite w/o delay"
72,13,7,"Petite w/o delay"
73,15,14,"Petite w/o delay"
74,14,6,"Petite w/o delay"
75,15,9,"Petite w/o delay"
76,15,12,"Petite w/o delay"
77,16,7,"Petite w/o delay"
78,14,8,"Petite w/o delay"
79,14,7,"Petite w/o delay"
80,15,10,"Petite w/o delay"
81,15,7,"Petite w/o delay"
82,14,12,"Petite w/o delay"
83,15,10,"Petite w/o delay"
84,15,8,"Petite w/o delay"
85,14,13,"Petite w/o delay"
86,15,8,"Petite w/o delay"
87,13,9,"Petite w/o delay"
88,16,11,"Petite w/o delay"
89,16,11,"Petite w/o delay"
90,15,11,"Petite w/o delay"
91,13,14,"Petite w/o delay"
92,15,3,"Petite w/o delay"
93,14,11,"Petite w/o delay"
94,14,7,"Petite w/o delay"
95,14,13,"Petite w/o delay"
96,15,6,"Petite w/o delay"
97,14,10,"Petite w/o delay"
98,14,12,"Petite w/o delay"
99,15,8,"Petite w/o delay"
100,16,10,"Petite w/o delay"
101,15,7,"Petite w/o delay"
102,15,6,"Petite w/o delay"
103,14,11,"Petite w/o delay"
104,16,10,"Petite w/o delay"
105,14,8,"Petite w/o delay"
106,13,9,"Petite w/o delay"
107,13,9,"Petite w/o delay"
108,15,6,"Petite w/o delay"
109,14,11,"Petite w/o delay"
110,13,15,"Petite w/o delay"
111,13,17,"Petite w/o delay"
112,14,11,"Petite w/o delay"
113,14,4,"Petite w/o delay"
114,14,5,"Petite w/o delay"
115,14,10,"Petite w/o delay"
116,14,5,"Petite w/o delay"
117,13,10,"Petite w/o delay"
118,15,12,"Petite w/o delay"
119,14,10,"Petite w/o delay"
120,14,11,"Petite w/o delay"
121,14,5,"Petite w/o delay"
122,15,5,"Petite w/o delay"
123,14,7,"Petite w/o delay"
124,15,7,"Petite w/o delay"
125,15,9,"Petite w/o delay"
126,14,7,"Petite w/o delay"
127,15,10,"Petite w/o delay"
128,14,14,"Petite w/o delay"
129,16,3,"Petite w/o delay"
130,14,9,"Petite w/o delay"
131,14,5,"Petite w/o delay"
132,13,13,"Petite w/o delay"
133,14,12,"Petite w/o delay"
134,15,6,"Petite w/o delay"
135,13,13,"Petite w/o delay"
136,13,9,"Petite w/o delay"
137,14,11,"Petite w/o delay"
138,13,13,"Petite w/o delay"
139,14,11,"Petite w/o delay"
140,14,8,"Petite w/o delay"
141,13,9,"Petite w/o delay"
142,13,9,"Petite w/o delay"
143,14,8,"Petite w/o delay"
144,15,13,"Petite w/o delay"
145,15,9,"Petite w/o delay"
146,14,12,"Petite w/o delay"
147,15,8,"Petite w/o delay"
148,15,9,"Petite w/o delay"
149,14,9,"Petite w/o delay"
150,14,8,"Petite w/o delay"
151,15,10,"Petite w/o delay"
152,15,6,"Petite w/o delay"
153,14,12,"Petite w/o delay"
154,13,8,"Petite w/o delay"
155,15,8,"Petite w/o delay"
156,14,7,"Petite w/o delay"
157,14,5,"Petite w/o delay"
158,14,12,"Petite w/o delay"
159,14,8,"Petite w/o delay"
160,15,13,"Petite w/o delay"
161,14,5,"Petite w/o delay"
162,16,6,"Petite w/o delay"
163,15,7,"Petite w/o delay"
164,13,9,"Petite w/o delay"
165,14,13,"Petite w/o delay"
166,14,14,"Petite w/o delay"
167,13,12,"Petite w/o delay"
168,14,9,"Petite w/o delay"
169,14,10,"Petite w/o delay"
170,15,8,"Petite w/o delay"
171,14,9,"Petite w/o delay"
172,14,5,"Petite w/o delay"
173,13,12,"Petite w/o delay"
174,14,8,"Petite w/o delay"
175,14,8,"Petite w/o delay"
176,14,9,"Petite w/o delay"
177,14,5,"Petite w/o delay"
178,14,3,"Petite w/o delay"
179,14,10,"Petite w/o delay"
180,14,12,"Petite w/o delay"
181,14,10,"Petite w/o delay"
182,13,9,"Petite w/o delay"
183,15,7,"Petite w/o delay"
184,16,11,"Petite w/o delay"
185,15,5,"Petite w/o delay"
186,15,7,"Petite w/o delay"
187,14,7,"Petite w/o delay"
188,15,12,"Petite w/o delay"
189,15,9,"Petite w/o delay"
190,15,7,"Petite w/o delay"
191,14,7,"Petite w/o delay"
192,14,11,"Petite w/o delay"
193,14,8,"Petite w/o delay"
194,14,8,"Petite w/o delay"
195,15,9,"Petite w/o delay"
196,13,2,"Petite w/o delay"
197,15,6,"Petite w/o delay"
198,14,13,"Petite w/o delay"
199,13,5,"Petite w/o delay"
200,14,10,"Petite w/o delay"
201,14,7,"Petite w/o delay"
202,14,8,"Petite w/o delay"
203,13,5,"Petite w/o delay"
204,15,9,"Petite w/o delay"
205,15,14,"Petite w/o delay"
206,14,12,"Petite w/o delay"
207,15,9,"Petite w/o delay"
208,15,7,"Petite w/o delay"
209,14,16,"Petite w/o delay"
210,14,12,"Petite w/o delay"
211,14,15,"Petite w/o delay"
212,14,5,"Petite w/o delay"
213,14,7,"Petite w/o delay"
214,15,9,"Petite w/o delay"
215,16,7,"Petite w/o delay"
216,14,8,"Petite w/o delay"
217,14,5,"Petite w/o delay"
218,14,6,"Petite w/o delay"
219,13,11,"Petite w/o delay"
220,16,3,"Petite w/o delay"
221,14,7,"Petite w/o delay"
222,14,9,"Petite w/o delay"
223,13,8,"Petite w/o delay"
224,14,12,"Petite w/o delay"
225,14,9,"Petite w/o delay"
226,15,10,"Petite w/o delay"
227,12,9,"Petite w/o delay"
228,15,8,"Petite w/o delay"
229,15,6,"Petite w/o delay"
230,14,12,"Petite w/o delay"
231,14,7,"Petite w/o delay"
232,14,6,"Petite w/o delay"
233,14,10,"Petite w/o delay"
234,14,10,"Petite w/o delay"
235,14,11,"Petite w/o delay"
236,14,8,"Petite w/o delay"
237,13,12,"Petite w/o delay"
238,14,14,"Petite w/o delay"
239,15,7,"Petite w/o delay"
240,14,9,"Petite w/o delay"
241,14,9,"Petite w/o delay"
242,15,5,"Petite w/o delay"
243,14,7,"Petite w/o delay"
244,15,13,"Petite w/o delay"
245,15,7,"Petite w/o delay"
246,15,13,"Petite w/o delay"
247,15,12,"Petite w/o delay"
248,13,4,"Petite w/o delay"
249,14,13,"Petite w/o delay"
250,15,9,"Petite w/o delay"
251,14,11,"Petite w/o delay"
252,15,7,"Petite w/o delay"
253,14,11,"Petite w/o delay"
254,14,7,"Petite w/o delay"
255,14,12,"Petite w/o delay"
256,14,7,"Petite w/o delay"
257,14,10,"Petite w/o delay"
258,13,10,"Petite w/o delay"
259,14,8,"Petite w/o delay"
260,14,8,"Petite w/o delay"
261,14,12,"Petite w/o delay"
262,13,11,"Petite w/o delay"
263,15,9,"Petite w/o delay"
264,14,10,"Petite w/o delay"
265,13,6,"Petite w/o delay"
266,15,6,"Petite w/o delay"
267,13,5,"Petite w/o delay"
268,16,9,"Petite w/o delay"
269,13,4,"Petite w/o delay"
270,15,9,"Petite w/o delay"
271,14,9,"Petite w/o delay"
272,15,10,"Petite w/o delay"
273,15,6,"Petite w/o delay"
274,15,10,"Petite w/o delay"
275,15,13,"Petite w/o delay"
276,15,11,"Petite w/o delay"
277,15,12,"Petite w/o delay"
278,14,11,"Petite w/o delay"
279,15,8,"Petite w/o delay"
280,14,4,"Petite w/o delay"
281,14,5,"Petite w/o delay"
282,14,12,"Petite w/o delay"
283,15,6,"Petite w/o delay"
284,13,7,"Petite w/o delay"
285,14,6,"Petite w/o delay"
286,13,11,"Petite w/o delay"
287,13,9,"Petite w/o delay"
288,13,9,"Petite w/o delay"
289,14,6,"Petite w/o delay"
290,13,7,"Petite w/o delay"
291,15,12,"Petite w/o delay"
292,13,11,"Petite w/o delay"
293,13,9,"Petite w/o delay"
294,15,9,"Petite w/o delay"
295,13,7,"Petite w/o delay"
296,13,15,"Petite w/o delay"
297,13,10,"Petite w/o delay"
298,14,5,"Petite w/o delay"
299,14,10,"Petite w/o delay"
300,15,10,"Petite w/o delay"
